ISO3,Location,DataId,Indicator,Value,Precision,DHS_CountryCode,CountryName,SurveyYear,SurveyId,IndicatorId,IndicatorOrder,IndicatorType,CharacteristicId,CharacteristicOrder,CharacteristicCategory,CharacteristicLabel,ByVariableId,ByVariableLabel,IsTotal,IsPreferred,SDRID,RegionId,SurveyYearLabel,SurveyType,DenominatorWeighted,DenominatorUnweighted,CILow,CIHigh,LevelRank
#country+code,#loc+name,#meta+id,#indicator+name,#indicator+value+num,#indicator+precision,,#country+name,#date+year,#survey+id,#indicator+code,,,,,,,#indicator+label+code,#indicator+label,,,,,,,,,,,
GHA,Western (pre 2022),5317378,Children ever breastfed,98,1,GH,Ghana,1988,GH1988DHS,CN_BRFI_C_EVR,104266010,I,408001,1408010,Region,Western (pre 2022),0,,0,1,CNBRFICEVR,GHDHS1988408001,1988,DHS,150,150,,,1
GHA,Central,3616838,Children ever breastfed,96.7,1,GH,Ghana,1988,GH1988DHS,CN_BRFI_C_EVR,104266010,I,408002,1408020,Region,Central,0,,0,1,CNBRFICEVR,GHDHS1988408002,1988,DHS,181,181,,,1
GHA,Greater Accra,4629238,Children ever breastfed,95.9,1,GH,Ghana,1988,GH1988DHS,CN_BRFI_C_EVR,104266010,I,408003,1408030,Region,Greater Accra,0,,0,1,CNBRFICEVR,GHDHS1988408003,1988,DHS,146,146,,,1
GHA,Volta (pre 2022),3431405,Children ever breastfed,98,1,GH,Ghana,1988,GH1988DHS,CN_BRFI_C_EVR,104266010,I,408004,1408040,Region,Volta (pre 2022),0,,0,1,CNBRFICEVR,GHDHS1988408004,1988,DHS,197,197,,,1
GHA,Eastern,50097,Children ever breastfed,98.4,1,GH,Ghana,1988,GH1988DHS,CN_BRFI_C_EVR,104266010,I,408005,1408050,Region,Eastern,0,,0,1,CNBRFICEVR,GHDHS1988408005,1988,DHS,247,247,,,1
GHA,Ashanti,7217173,Children ever breastfed,97.1,1,GH,Ghana,1988,GH1988DHS,CN_BRFI_C_EVR,104266010,I,408006,1408060,Region,Ashanti,0,,0,1,CNBRFICEVR,GHDHS1988408006,1988,DHS,276,276,,,1
GHA,Brong-Ahafo,50140,Children ever breastfed,99.1,1,GH,Ghana,1988,GH1988DHS,CN_BRFI_C_EVR,104266010,I,408007,1408070,Region,Brong-Ahafo,0,,0,1,CNBRFICEVR,GHDHS1988408007,1988,DHS,222,222,,,1
GHA,"Northern, Upper West, Upper East",5032679,Children ever breastfed,98,1,GH,Ghana,1988,GH1988DHS,CN_BRFI_C_EVR,104266010,I,408008,1408080,Region,"Northern, Upper West, Upper East",0,,0,1,CNBRFICEVR,GHDHS1988408008,1988,DHS,204,204,,,1
GHA,Western (pre 2022),42032,Median duration of any breastfeeding,20.3,1,GH,Ghana,1988,GH1988DHS,CN_BFDR_C_MDA,104336010,I,408001,1408010,Region,Western (pre 2022),0,,0,1,CNBFDRCMDA,GHDHS1988408001,1988,DHS,,,,,1
GHA,Central,34333,Median duration of any breastfeeding,21.1,1,GH,Ghana,1988,GH1988DHS,CN_BFDR_C_MDA,104336010,I,408002,1408020,Region,Central,0,,0,1,CNBFDRCMDA,GHDHS1988408002,1988,DHS,,,,,1
GHA,Greater Accra,41958,Median duration of any breastfeeding,16.5,1,GH,Ghana,1988,GH1988DHS,CN_BFDR_C_MDA,104336010,I,408003,1408030,Region,Greater Accra,0,,0,1,CNBFDRCMDA,GHDHS1988408003,1988,DHS,,,,,1
GHA,Volta (pre 2022),50203,Median duration of any breastfeeding,22.5,1,GH,Ghana,1988,GH1988DHS,CN_BFDR_C_MDA,104336010,I,408004,1408040,Region,Volta (pre 2022),0,,0,1,CNBFDRCMDA,GHDHS1988408004,1988,DHS,,,,,1
GHA,Eastern,50101,Median duration of any breastfeeding,20.8,1,GH,Ghana,1988,GH1988DHS,CN_BFDR_C_MDA,104336010,I,408005,1408050,Region,Eastern,0,,0,1,CNBFDRCMDA,GHDHS1988408005,1988,DHS,,,,,1
GHA,Ashanti,50107,Median duration of any breastfeeding,20.8,1,GH,Ghana,1988,GH1988DHS,CN_BFDR_C_MDA,104336010,I,408006,1408060,Region,Ashanti,0,,0,1,CNBFDRCMDA,GHDHS1988408006,1988,DHS,,,,,1
GHA,Brong-Ahafo,50137,Median duration of any breastfeeding,21.3,1,GH,Ghana,1988,GH1988DHS,CN_BFDR_C_MDA,104336010,I,408007,1408070,Region,Brong-Ahafo,0,,0,1,CNBFDRCMDA,GHDHS1988408007,1988,DHS,,,,,1
GHA,"Northern, Upper West, Upper East",41960,Median duration of any breastfeeding,28.3,1,GH,Ghana,1988,GH1988DHS,CN_BFDR_C_MDA,104336010,I,408008,1408080,Region,"Northern, Upper West, Upper East",0,,0,1,CNBFDRCMDA,GHDHS1988408008,1988,DHS,,,,,1
GHA,Western (pre 2022),6320013,Children ever breastfed,97.6,1,GH,Ghana,1993,GH1993DHS,CN_BRFI_C_EVR,104266010,I,408001,1408010,Region,Western (pre 2022),0,,0,1,CNBRFICEVR,GHDHS1993408001,1993,DHS,125,125,,,1
GHA,Central,50258,Children ever breastfed,98,1,GH,Ghana,1993,GH1993DHS,CN_BRFI_C_EVR,104266010,I,408002,1408020,Region,Central,0,,0,1,CNBRFICEVR,GHDHS1993408002,1993,DHS,150,150,,,1
GHA,Greater Accra,5181125,Children ever breastfed,96.4,1,GH,Ghana,1993,GH1993DHS,CN_BRFI_C_EVR,104266010,I,408003,1408030,Region,Greater Accra,0,,0,1,CNBRFICEVR,GHDHS1993408003,1993,DHS,139,139,,,1
GHA,Volta (pre 2022),2203583,Children ever breastfed,98.7,1,GH,Ghana,1993,GH1993DHS,CN_BRFI_C_EVR,104266010,I,408004,1408040,Region,Volta (pre 2022),0,,0,1,CNBRFICEVR,GHDHS1993408004,1993,DHS,156,156,,,1
GHA,Eastern,2624562,Children ever breastfed,97.1,1,GH,Ghana,1993,GH1993DHS,CN_BRFI_C_EVR,104266010,I,408005,1408050,Region,Eastern,0,,0,1,CNBRFICEVR,GHDHS1993408005,1993,DHS,138,138,,,1
GHA,Ashanti,2006407,Children ever breastfed,98.1,1,GH,Ghana,1993,GH1993DHS,CN_BRFI_C_EVR,104266010,I,408006,1408060,Region,Ashanti,0,,0,1,CNBRFICEVR,GHDHS1993408006,1993,DHS,265,265,,,1
GHA,Brong-Ahafo,2170502,Children ever breastfed,97,1,GH,Ghana,1993,GH1993DHS,CN_BRFI_C_EVR,104266010,I,408007,1408070,Region,Brong-Ahafo,0,,0,1,CNBRFICEVR,GHDHS1993408007,1993,DHS,133,133,,,1
GHA,"Northern, Upper West, Upper East",7110885,Children ever breastfed,97.2,1,GH,Ghana,1993,GH1993DHS,CN_BRFI_C_EVR,104266010,I,408008,1408080,Region,"Northern, Upper West, Upper East",0,,0,1,CNBRFICEVR,GHDHS1993408008,1993,DHS,324,324,,,
GHA,Northern (pre 2022),2173812,Children ever breastfed,95.8,1,GH,Ghana,1993,GH1993DHS,CN_BRFI_C_EVR,104266010,I,408009,1408090,Region,..Northern (pre 2022),0,,0,1,CNBRFICEVR,GHDHS1993408009,1993,DHS,168,168,,,1
GHA,Upper West,5511738,Children ever breastfed,100,1,GH,Ghana,1993,GH1993DHS,CN_BRFI_C_EVR,104266010,I,408010,1408100,Region,..Upper West,0,,0,1,CNBRFICEVR,GHDHS1993408010,1993,DHS,50,50,,,1
GHA,Upper East,58225,Children ever breastfed,98.1,1,GH,Ghana,1993,GH1993DHS,CN_BRFI_C_EVR,104266010,I,408011,1408110,Region,..Upper East,0,,0,1,CNBRFICEVR,GHDHS1993408011,1993,DHS,106,106,,,1
GHA,Western (pre 2022),50308,Median duration of any breastfeeding,20.3,1,GH,Ghana,1993,GH1993DHS,CN_BFDR_C_MDA,104336010,I,408001,1408010,Region,Western (pre 2022),0,,0,1,CNBFDRCMDA,GHDHS1993408001,1993,DHS,,,,,1
GHA,Central,50321,Median duration of any breastfeeding,20.5,1,GH,Ghana,1993,GH1993DHS,CN_BFDR_C_MDA,104336010,I,408002,1408020,Region,Central,0,,0,1,CNBFDRCMDA,GHDHS1993408002,1993,DHS,,,,,1
GHA,Greater Accra,58295,Median duration of any breastfeeding,15.8,1,GH,Ghana,1993,GH1993DHS,CN_BFDR_C_MDA,104336010,I,408003,1408030,Region,Greater Accra,0,,0,1,CNBFDRCMDA,GHDHS1993408003,1993,DHS,,,,,1
GHA,Volta (pre 2022),58253,Median duration of any breastfeeding,21.8,1,GH,Ghana,1993,GH1993DHS,CN_BFDR_C_MDA,104336010,I,408004,1408040,Region,Volta (pre 2022),0,,0,1,CNBFDRCMDA,GHDHS1993408004,1993,DHS,,,,,1
GHA,Eastern,58307,Median duration of any breastfeeding,18.7,1,GH,Ghana,1993,GH1993DHS,CN_BFDR_C_MDA,104336010,I,408005,1408050,Region,Eastern,0,,0,1,CNBFDRCMDA,GHDHS1993408005,1993,DHS,,,,,1
GHA,Ashanti,34683,Median duration of any breastfeeding,21.3,1,GH,Ghana,1993,GH1993DHS,CN_BFDR_C_MDA,104336010,I,408006,1408060,Region,Ashanti,0,,0,1,CNBFDRCMDA,GHDHS1993408006,1993,DHS,,,,,1
GHA,Brong-Ahafo,34662,Median duration of any breastfeeding,22.8,1,GH,Ghana,1993,GH1993DHS,CN_BFDR_C_MDA,104336010,I,408007,1408070,Region,Brong-Ahafo,0,,0,1,CNBFDRCMDA,GHDHS1993408007,1993,DHS,,,,,1
GHA,"Northern, Upper West, Upper East",42329,Median duration of any breastfeeding,26.8,1,GH,Ghana,1993,GH1993DHS,CN_BFDR_C_MDA,104336010,I,408008,1408080,Region,"Northern, Upper West, Upper East",0,,0,1,CNBFDRCMDA,GHDHS1993408008,1993,DHS,,,,,
GHA,Northern (pre 2022),58298,Median duration of any breastfeeding,23.3,1,GH,Ghana,1993,GH1993DHS,CN_BFDR_C_MDA,104336010,I,408009,1408090,Region,..Northern (pre 2022),0,,0,1,CNBFDRCMDA,GHDHS1993408009,1993,DHS,,,,,1
GHA,Upper West,58279,Median duration of any breastfeeding,29.7,1,GH,Ghana,1993,GH1993DHS,CN_BFDR_C_MDA,104336010,I,408010,1408100,Region,..Upper West,0,,0,1,CNBFDRCMDA,GHDHS1993408010,1993,DHS,,,,,1
GHA,Upper East,58275,Median duration of any breastfeeding,28.8,1,GH,Ghana,1993,GH1993DHS,CN_BFDR_C_MDA,104336010,I,408011,1408110,Region,..Upper East,0,,0,1,CNBFDRCMDA,GHDHS1993408011,1993,DHS,,,,,1
GHA,Western (pre 2022),4458380,Children ever breastfed,99.4,1,GH,Ghana,1998,GH1998DHS,CN_BRFI_C_EVR,104266010,I,408001,1408010,Region,Western (pre 2022),0,,0,1,CNBRFICEVR,GHDHS1998408001,1998,DHS,178,156,,,1
GHA,Central,34719,Children ever breastfed,95.8,1,GH,Ghana,1998,GH1998DHS,CN_BRFI_C_EVR,104266010,I,408002,1408020,Region,Central,0,,0,1,CNBRFICEVR,GHDHS1998408002,1998,DHS,148,120,,,1
GHA,Greater Accra,6246503,Children ever breastfed,96.6,1,GH,Ghana,1998,GH1998DHS,CN_BRFI_C_EVR,104266010,I,408003,1408030,Region,Greater Accra,0,,0,1,CNBRFICEVR,GHDHS1998408003,1998,DHS,138,118,,,1
GHA,Volta (pre 2022),1442633,Children ever breastfed,98.2,1,GH,Ghana,1998,GH1998DHS,CN_BRFI_C_EVR,104266010,I,408004,1408040,Region,Volta (pre 2022),0,,0,1,CNBRFICEVR,GHDHS1998408004,1998,DHS,134,111,,,1
GHA,Eastern,7280465,Children ever breastfed,96.6,1,GH,Ghana,1998,GH1998DHS,CN_BRFI_C_EVR,104266010,I,408005,1408050,Region,Eastern,0,,0,1,CNBRFICEVR,GHDHS1998408005,1998,DHS,169,146,,,1
GHA,Ashanti,5251818,Children ever breastfed,97.8,1,GH,Ghana,1998,GH1998DHS,CN_BRFI_C_EVR,104266010,I,408006,1408060,Region,Ashanti,0,,0,1,CNBRFICEVR,GHDHS1998408006,1998,DHS,212,185,,,1
GHA,Brong-Ahafo,50335,Children ever breastfed,98.9,1,GH,Ghana,1998,GH1998DHS,CN_BRFI_C_EVR,104266010,I,408007,1408070,Region,Brong-Ahafo,0,,0,1,CNBRFICEVR,GHDHS1998408007,1998,DHS,101,87,,,1
GHA,"Northern, Upper West, Upper East",3401178,Children ever breastfed,98.5,1,GH,Ghana,1998,GH1998DHS,CN_BRFI_C_EVR,104266010,I,408008,1408080,Region,"Northern, Upper West, Upper East",0,,0,1,CNBRFICEVR,GHDHS1998408008,1998,DHS,203,395,,,
GHA,Northern (pre 2022),4125625,Children ever breastfed,99.2,1,GH,Ghana,1998,GH1998DHS,CN_BRFI_C_EVR,104266010,I,408009,1408090,Region,..Northern (pre 2022),0,,0,1,CNBRFICEVR,GHDHS1998408009,1998,DHS,83,125,,,1
GHA,Upper West,3491768,Children ever breastfed,96.5,1,GH,Ghana,1998,GH1998DHS,CN_BRFI_C_EVR,104266010,I,408010,1408100,Region,..Upper West,0,,0,1,CNBRFICEVR,GHDHS1998408010,1998,DHS,39,114,,,1
GHA,Upper East,42343,Children ever breastfed,98.7,1,GH,Ghana,1998,GH1998DHS,CN_BRFI_C_EVR,104266010,I,408011,1408110,Region,..Upper East,0,,0,1,CNBRFICEVR,GHDHS1998408011,1998,DHS,81,156,,,1
GHA,Western (pre 2022),4458381,Children who started breastfeeding within 1 hour of birth,23.1,1,GH,Ghana,1998,GH1998DHS,CN_BRFI_C_1HR,104266020,I,408001,1408010,Region,Western (pre 2022),0,,0,1,CNBRFIC1HR,GHDHS1998408001,1998,DHS,178,156,,,1
GHA,Central,34721,Children who started breastfeeding within 1 hour of birth,23.3,1,GH,Ghana,1998,GH1998DHS,CN_BRFI_C_1HR,104266020,I,408002,1408020,Region,Central,0,,0,1,CNBRFIC1HR,GHDHS1998408002,1998,DHS,148,120,,,1
GHA,Greater Accra,6246504,Children who started breastfeeding within 1 hour of birth,45.7,1,GH,Ghana,1998,GH1998DHS,CN_BRFI_C_1HR,104266020,I,408003,1408030,Region,Greater Accra,0,,0,1,CNBRFIC1HR,GHDHS1998408003,1998,DHS,138,118,,,1
GHA,Volta (pre 2022),1442634,Children who started breastfeeding within 1 hour of birth,18.5,1,GH,Ghana,1998,GH1998DHS,CN_BRFI_C_1HR,104266020,I,408004,1408040,Region,Volta (pre 2022),0,,0,1,CNBRFIC1HR,GHDHS1998408004,1998,DHS,134,111,,,1
GHA,Eastern,7280466,Children who started breastfeeding within 1 hour of birth,23.3,1,GH,Ghana,1998,GH1998DHS,CN_BRFI_C_1HR,104266020,I,408005,1408050,Region,Eastern,0,,0,1,CNBRFIC1HR,GHDHS1998408005,1998,DHS,169,146,,,1
GHA,Ashanti,5251819,Children who started breastfeeding within 1 hour of birth,33.2,1,GH,Ghana,1998,GH1998DHS,CN_BRFI_C_1HR,104266020,I,408006,1408060,Region,Ashanti,0,,0,1,CNBRFIC1HR,GHDHS1998408006,1998,DHS,212,185,,,1
GHA,Brong-Ahafo,50350,Children who started breastfeeding within 1 hour of birth,10.5,1,GH,Ghana,1998,GH1998DHS,CN_BRFI_C_1HR,104266020,I,408007,1408070,Region,Brong-Ahafo,0,,0,1,CNBRFIC1HR,GHDHS1998408007,1998,DHS,101,87,,,1
GHA,"Northern, Upper West, Upper East",3401248,Children who started breastfeeding within 1 hour of birth,20.2,1,GH,Ghana,1998,GH1998DHS,CN_BRFI_C_1HR,104266020,I,408008,1408080,Region,"Northern, Upper West, Upper East",0,,0,1,CNBRFIC1HR,GHDHS1998408008,1998,DHS,203,395,,,
GHA,Northern (pre 2022),4125720,Children who started breastfeeding within 1 hour of birth,30.3,1,GH,Ghana,1998,GH1998DHS,CN_BRFI_C_1HR,104266020,I,408009,1408090,Region,..Northern (pre 2022),0,,0,1,CNBRFIC1HR,GHDHS1998408009,1998,DHS,83,125,,,1
GHA,Upper West,3491790,Children who started breastfeeding within 1 hour of birth,23.7,1,GH,Ghana,1998,GH1998DHS,CN_BRFI_C_1HR,104266020,I,408010,1408100,Region,..Upper West,0,,0,1,CNBRFIC1HR,GHDHS1998408010,1998,DHS,39,114,,,1
GHA,Upper East,42342,Children who started breastfeeding within 1 hour of birth,8.3,1,GH,Ghana,1998,GH1998DHS,CN_BRFI_C_1HR,104266020,I,408011,1408110,Region,..Upper East,0,,0,1,CNBRFIC1HR,GHDHS1998408011,1998,DHS,81,156,,,1
GHA,Western (pre 2022),3522484,Median duration of any breastfeeding,22.7,1,GH,Ghana,1998,GH1998DHS,CN_BFDR_C_MDA,104336010,I,408001,1408010,Region,Western (pre 2022),0,,0,1,CNBFDRCMDA,GHDHS1998408001,1998,DHS,,,,,1
GHA,Central,34785,Median duration of any breastfeeding,20.2,1,GH,Ghana,1998,GH1998DHS,CN_BFDR_C_MDA,104336010,I,408002,1408020,Region,Central,0,,0,1,CNBFDRCMDA,GHDHS1998408002,1998,DHS,,,,,1
GHA,Greater Accra,42322,Median duration of any breastfeeding,16.7,1,GH,Ghana,1998,GH1998DHS,CN_BFDR_C_MDA,104336010,I,408003,1408030,Region,Greater Accra,0,,0,1,CNBFDRCMDA,GHDHS1998408003,1998,DHS,,,,,1
GHA,Volta (pre 2022),34758,Median duration of any breastfeeding,22,1,GH,Ghana,1998,GH1998DHS,CN_BFDR_C_MDA,104336010,I,408004,1408040,Region,Volta (pre 2022),0,,0,1,CNBFDRCMDA,GHDHS1998408004,1998,DHS,,,,,1
GHA,Eastern,6029303,Median duration of any breastfeeding,20.9,1,GH,Ghana,1998,GH1998DHS,CN_BFDR_C_MDA,104336010,I,408005,1408050,Region,Eastern,0,,0,1,CNBFDRCMDA,GHDHS1998408005,1998,DHS,,,,,1
GHA,Ashanti,50352,Median duration of any breastfeeding,22.1,1,GH,Ghana,1998,GH1998DHS,CN_BFDR_C_MDA,104336010,I,408006,1408060,Region,Ashanti,0,,0,1,CNBFDRCMDA,GHDHS1998408006,1998,DHS,,,,,1
GHA,Brong-Ahafo,50358,Median duration of any breastfeeding,23.9,1,GH,Ghana,1998,GH1998DHS,CN_BFDR_C_MDA,104336010,I,408007,1408070,Region,Brong-Ahafo,0,,0,1,CNBFDRCMDA,GHDHS1998408007,1998,DHS,,,,,1
GHA,"Northern, Upper West, Upper East",50345,Median duration of any breastfeeding,25.9,1,GH,Ghana,1998,GH1998DHS,CN_BFDR_C_MDA,104336010,I,408008,1408080,Region,"Northern, Upper West, Upper East",0,,0,1,CNBFDRCMDA,GHDHS1998408008,1998,DHS,,,,,
GHA,Northern (pre 2022),34750,Median duration of any breastfeeding,24.5,1,GH,Ghana,1998,GH1998DHS,CN_BFDR_C_MDA,104336010,I,408009,1408090,Region,..Northern (pre 2022),0,,0,1,CNBFDRCMDA,GHDHS1998408009,1998,DHS,,,,,1
GHA,Upper West,42337,Median duration of any breastfeeding,30.1,1,GH,Ghana,1998,GH1998DHS,CN_BFDR_C_MDA,104336010,I,408010,1408100,Region,..Upper West,0,,0,1,CNBFDRCMDA,GHDHS1998408010,1998,DHS,,,,,1
GHA,Upper East,42345,Median duration of any breastfeeding,29,1,GH,Ghana,1998,GH1998DHS,CN_BFDR_C_MDA,104336010,I,408011,1408110,Region,..Upper East,0,,0,1,CNBFDRCMDA,GHDHS1998408011,1998,DHS,,,,,1
GHA,Western (pre 2022),7443969,Children ever breastfed,96.6,1,GH,Ghana,2003,GH2003DHS,CN_BRFI_C_EVR,104266010,I,408001,1408010,Region,Western (pre 2022),0,,0,1,CNBRFICEVR,GHDHS2003408001,2003,DHS,128,126,,,1
GHA,Central,4230146,Children ever breastfed,99,1,GH,Ghana,2003,GH2003DHS,CN_BRFI_C_EVR,104266010,I,408002,1408020,Region,Central,0,,0,1,CNBRFICEVR,GHDHS2003408002,2003,DHS,120,92,,,1
GHA,Greater Accra,4857963,Children ever breastfed,98,1,GH,Ghana,2003,GH2003DHS,CN_BRFI_C_EVR,104266010,I,408003,1408030,Region,Greater Accra,0,,0,1,CNBRFICEVR,GHDHS2003408003,2003,DHS,150,132,,,1
GHA,Volta (pre 2022),3766161,Children ever breastfed,99.1,1,GH,Ghana,2003,GH2003DHS,CN_BRFI_C_EVR,104266010,I,408004,1408040,Region,Volta (pre 2022),0,,0,1,CNBRFICEVR,GHDHS2003408004,2003,DHS,134,123,,,1
GHA,Eastern,5138139,Children ever breastfed,97.5,1,GH,Ghana,2003,GH2003DHS,CN_BRFI_C_EVR,104266010,I,408005,1408050,Region,Eastern,0,,0,1,CNBRFICEVR,GHDHS2003408005,2003,DHS,142,123,,,1
GHA,Ashanti,6080967,Children ever breastfed,95.9,1,GH,Ghana,2003,GH2003DHS,CN_BRFI_C_EVR,104266010,I,408006,1408060,Region,Ashanti,0,,0,1,CNBRFICEVR,GHDHS2003408006,2003,DHS,245,213,,,1
GHA,Brong-Ahafo,7445040,Children ever breastfed,97.3,1,GH,Ghana,2003,GH2003DHS,CN_BRFI_C_EVR,104266010,I,408007,1408070,Region,Brong-Ahafo,0,,0,1,CNBRFICEVR,GHDHS2003408007,2003,DHS,158,180,,,1
GHA,"Northern, Upper West, Upper East",7301311,Children ever breastfed,98.7,1,GH,Ghana,2003,GH2003DHS,CN_BRFI_C_EVR,104266010,I,408008,1408080,Region,"Northern, Upper West, Upper East",0,,0,1,CNBRFICEVR,GHDHS2003408008,2003,DHS,344,530,,,
GHA,Northern (pre 2022),1708744,Children ever breastfed,98.6,1,GH,Ghana,2003,GH2003DHS,CN_BRFI_C_EVR,104266010,I,408009,1408090,Region,..Northern (pre 2022),0,,0,1,CNBRFICEVR,GHDHS2003408009,2003,DHS,208,260,,,1
GHA,Upper West,4446406,Children ever breastfed,100,1,GH,Ghana,2003,GH2003DHS,CN_BRFI_C_EVR,104266010,I,408010,1408100,Region,..Upper West,0,,0,1,CNBRFICEVR,GHDHS2003408010,2003,DHS,49,151,,,1
GHA,Upper East,3175869,Children ever breastfed,98.2,1,GH,Ghana,2003,GH2003DHS,CN_BRFI_C_EVR,104266010,I,408011,1408110,Region,..Upper East,0,,0,1,CNBRFICEVR,GHDHS2003408011,2003,DHS,86,119,,,1
GHA,Western (pre 2022),7443970,Children who started breastfeeding within 1 hour of birth,33.5,1,GH,Ghana,2003,GH2003DHS,CN_BRFI_C_1HR,104266020,I,408001,1408010,Region,Western (pre 2022),0,,0,1,CNBRFIC1HR,GHDHS2003408001,2003,DHS,128,126,,,1
GHA,Central,4230145,Children who started breastfeeding within 1 hour of birth,14.1,1,GH,Ghana,2003,GH2003DHS,CN_BRFI_C_1HR,104266020,I,408002,1408020,Region,Central,0,,0,1,CNBRFIC1HR,GHDHS2003408002,2003,DHS,120,92,,,1
GHA,Greater Accra,4857961,Children who started breastfeeding within 1 hour of birth,40,1,GH,Ghana,2003,GH2003DHS,CN_BRFI_C_1HR,104266020,I,408003,1408030,Region,Greater Accra,0,,0,1,CNBRFIC1HR,GHDHS2003408003,2003,DHS,150,132,,,1
GHA,Volta (pre 2022),3766160,Children who started breastfeeding within 1 hour of birth,46.2,1,GH,Ghana,2003,GH2003DHS,CN_BRFI_C_1HR,104266020,I,408004,1408040,Region,Volta (pre 2022),0,,0,1,CNBRFIC1HR,GHDHS2003408004,2003,DHS,134,123,,,1
GHA,Eastern,5138137,Children who started breastfeeding within 1 hour of birth,36.4,1,GH,Ghana,2003,GH2003DHS,CN_BRFI_C_1HR,104266020,I,408005,1408050,Region,Eastern,0,,0,1,CNBRFIC1HR,GHDHS2003408005,2003,DHS,142,123,,,1
GHA,Ashanti,6080966,Children who started breastfeeding within 1 hour of birth,56.3,1,GH,Ghana,2003,GH2003DHS,CN_BRFI_C_1HR,104266020,I,408006,1408060,Region,Ashanti,0,,0,1,CNBRFIC1HR,GHDHS2003408006,2003,DHS,245,213,,,1
GHA,Brong-Ahafo,7445039,Children who started breastfeeding within 1 hour of birth,48.5,1,GH,Ghana,2003,GH2003DHS,CN_BRFI_C_1HR,104266020,I,408007,1408070,Region,Brong-Ahafo,0,,0,1,CNBRFIC1HR,GHDHS2003408007,2003,DHS,158,180,,,1
GHA,"Northern, Upper West, Upper East",7301310,Children who started breastfeeding within 1 hour of birth,57.5,1,GH,Ghana,2003,GH2003DHS,CN_BRFI_C_1HR,104266020,I,408008,1408080,Region,"Northern, Upper West, Upper East",0,,0,1,CNBRFIC1HR,GHDHS2003408008,2003,DHS,344,530,,,
GHA,Northern (pre 2022),1708734,Children who started breastfeeding within 1 hour of birth,53.9,1,GH,Ghana,2003,GH2003DHS,CN_BRFI_C_1HR,104266020,I,408009,1408090,Region,..Northern (pre 2022),0,,0,1,CNBRFIC1HR,GHDHS2003408009,2003,DHS,208,260,,,1
GHA,Upper West,4446405,Children who started breastfeeding within 1 hour of birth,21.4,1,GH,Ghana,2003,GH2003DHS,CN_BRFI_C_1HR,104266020,I,408010,1408100,Region,..Upper West,0,,0,1,CNBRFIC1HR,GHDHS2003408010,2003,DHS,49,151,,,1
GHA,Upper East,3175818,Children who started breastfeeding within 1 hour of birth,86.5,1,GH,Ghana,2003,GH2003DHS,CN_BRFI_C_1HR,104266020,I,408011,1408110,Region,..Upper East,0,,0,1,CNBRFIC1HR,GHDHS2003408011,2003,DHS,86,119,,,1
GHA,Western (pre 2022),1687181,Median duration of any breastfeeding,20.2,1,GH,Ghana,2003,GH2003DHS,CN_BFDR_C_MDA,104336010,I,408001,1408010,Region,Western (pre 2022),0,,0,1,CNBFDRCMDA,GHDHS2003408001,2003,DHS,,,,,1
GHA,Central,1708779,Median duration of any breastfeeding,21.3,1,GH,Ghana,2003,GH2003DHS,CN_BFDR_C_MDA,104336010,I,408002,1408020,Region,Central,0,,0,1,CNBFDRCMDA,GHDHS2003408002,2003,DHS,,,,,1
GHA,Greater Accra,1708763,Median duration of any breastfeeding,19.3,1,GH,Ghana,2003,GH2003DHS,CN_BFDR_C_MDA,104336010,I,408003,1408030,Region,Greater Accra,0,,0,1,CNBFDRCMDA,GHDHS2003408003,2003,DHS,,,,,1
GHA,Volta (pre 2022),1701812,Median duration of any breastfeeding,22.9,1,GH,Ghana,2003,GH2003DHS,CN_BFDR_C_MDA,104336010,I,408004,1408040,Region,Volta (pre 2022),0,,0,1,CNBFDRCMDA,GHDHS2003408004,2003,DHS,,,,,1
GHA,Eastern,1693949,Median duration of any breastfeeding,21.2,1,GH,Ghana,2003,GH2003DHS,CN_BFDR_C_MDA,104336010,I,408005,1408050,Region,Eastern,0,,0,1,CNBFDRCMDA,GHDHS2003408005,2003,DHS,,,,,1
GHA,Ashanti,1701839,Median duration of any breastfeeding,20.6,1,GH,Ghana,2003,GH2003DHS,CN_BFDR_C_MDA,104336010,I,408006,1408060,Region,Ashanti,0,,0,1,CNBFDRCMDA,GHDHS2003408006,2003,DHS,,,,,1
GHA,Brong-Ahafo,7444310,Median duration of any breastfeeding,22.6,1,GH,Ghana,2003,GH2003DHS,CN_BFDR_C_MDA,104336010,I,408007,1408070,Region,Brong-Ahafo,0,,0,1,CNBFDRCMDA,GHDHS2003408007,2003,DHS,,,,,1
GHA,"Northern, Upper West, Upper East",1687188,Median duration of any breastfeeding,27.8,1,GH,Ghana,2003,GH2003DHS,CN_BFDR_C_MDA,104336010,I,408008,1408080,Region,"Northern, Upper West, Upper East",0,,0,1,CNBFDRCMDA,GHDHS2003408008,2003,DHS,,,,,
GHA,Northern (pre 2022),1708791,Median duration of any breastfeeding,28.2,1,GH,Ghana,2003,GH2003DHS,CN_BFDR_C_MDA,104336010,I,408009,1408090,Region,..Northern (pre 2022),0,,0,1,CNBFDRCMDA,GHDHS2003408009,2003,DHS,,,,,1
GHA,Upper West,1693948,Median duration of any breastfeeding,27.4,1,GH,Ghana,2003,GH2003DHS,CN_BFDR_C_MDA,104336010,I,408010,1408100,Region,..Upper West,0,,0,1,CNBFDRCMDA,GHDHS2003408010,2003,DHS,,,,,1
GHA,Upper East,2558974,Median duration of any breastfeeding,26.4,1,GH,Ghana,2003,GH2003DHS,CN_BFDR_C_MDA,104336010,I,408011,1408110,Region,..Upper East,0,,0,1,CNBFDRCMDA,GHDHS2003408011,2003,DHS,,,,,1
GHA,Western (pre 2022),7865308,Children ever breastfed,100,1,GH,Ghana,2008,GH2008DHS,CN_BRFI_C_EVR,104266010,I,408001,1408010,Region,Western (pre 2022),0,,0,1,CNBRFICEVR,GHDHS2008408001,2008,DHS,111,111,,,1
GHA,Central,5733356,Children ever breastfed,100,1,GH,Ghana,2008,GH2008DHS,CN_BRFI_C_EVR,104266010,I,408002,1408020,Region,Central,0,,0,1,CNBRFICEVR,GHDHS2008408002,2008,DHS,123,95,,,1
GHA,Greater Accra,7571437,Children ever breastfed,97,1,GH,Ghana,2008,GH2008DHS,CN_BRFI_C_EVR,104266010,I,408003,1408030,Region,Greater Accra,0,,0,1,CNBRFICEVR,GHDHS2008408003,2008,DHS,133,111,,,1
GHA,Volta (pre 2022),1687376,Children ever breastfed,100,1,GH,Ghana,2008,GH2008DHS,CN_BRFI_C_EVR,104266010,I,408004,1408040,Region,Volta (pre 2022),0,,0,1,CNBRFICEVR,GHDHS2008408004,2008,DHS,107,107,,,1
GHA,Eastern,5063808,Children ever breastfed,100,1,GH,Ghana,2008,GH2008DHS,CN_BRFI_C_EVR,104266010,I,408005,1408050,Region,Eastern,0,,0,1,CNBRFICEVR,GHDHS2008408005,2008,DHS,105,109,,,1
GHA,Ashanti,4383712,Children ever breastfed,97.4,1,GH,Ghana,2008,GH2008DHS,CN_BRFI_C_EVR,104266010,I,408006,1408060,Region,Ashanti,0,,0,1,CNBRFICEVR,GHDHS2008408006,2008,DHS,215,174,,,1
GHA,Brong-Ahafo,6619064,Children ever breastfed,99.1,1,GH,Ghana,2008,GH2008DHS,CN_BRFI_C_EVR,104266010,I,408007,1408070,Region,Brong-Ahafo,0,,0,1,CNBRFICEVR,GHDHS2008408007,2008,DHS,107,103,,,1
GHA,"Northern, Upper West, Upper East",3981913,Children ever breastfed,98.3,1,GH,Ghana,2008,GH2008DHS,CN_BRFI_C_EVR,104266010,I,408008,1408080,Region,"Northern, Upper West, Upper East",0,,0,1,CNBRFICEVR,GHDHS2008408008,2008,DHS,276,415,,,
GHA,Northern (pre 2022),7294589,Children ever breastfed,98.1,1,GH,Ghana,2008,GH2008DHS,CN_BRFI_C_EVR,104266010,I,408009,1408090,Region,..Northern (pre 2022),0,,0,1,CNBRFICEVR,GHDHS2008408009,2008,DHS,177,188,,,1
GHA,Upper West,5387497,Children ever breastfed,97.4,1,GH,Ghana,2008,GH2008DHS,CN_BRFI_C_EVR,104266010,I,408010,1408100,Region,..Upper West,0,,0,1,CNBRFICEVR,GHDHS2008408010,2008,DHS,36,132,,,1
GHA,Upper East,1702046,Children ever breastfed,99.5,1,GH,Ghana,2008,GH2008DHS,CN_BRFI_C_EVR,104266010,I,408011,1408110,Region,..Upper East,0,,0,1,CNBRFICEVR,GHDHS2008408011,2008,DHS,63,95,,,1
GHA,Western (pre 2022),7865307,Children who started breastfeeding within 1 hour of birth,48.9,1,GH,Ghana,2008,GH2008DHS,CN_BRFI_C_1HR,104266020,I,408001,1408010,Region,Western (pre 2022),0,,0,1,CNBRFIC1HR,GHDHS2008408001,2008,DHS,111,111,,,1
GHA,Central,5733354,Children who started breastfeeding within 1 hour of birth,58.3,1,GH,Ghana,2008,GH2008DHS,CN_BRFI_C_1HR,104266020,I,408002,1408020,Region,Central,0,,0,1,CNBRFIC1HR,GHDHS2008408002,2008,DHS,123,95,,,1
GHA,Greater Accra,7571436,Children who started breastfeeding within 1 hour of birth,51.7,1,GH,Ghana,2008,GH2008DHS,CN_BRFI_C_1HR,104266020,I,408003,1408030,Region,Greater Accra,0,,0,1,CNBRFIC1HR,GHDHS2008408003,2008,DHS,133,111,,,1
GHA,Volta (pre 2022),1687374,Children who started breastfeeding within 1 hour of birth,58.3,1,GH,Ghana,2008,GH2008DHS,CN_BRFI_C_1HR,104266020,I,408004,1408040,Region,Volta (pre 2022),0,,0,1,CNBRFIC1HR,GHDHS2008408004,2008,DHS,107,107,,,1
GHA,Eastern,5063781,Children who started breastfeeding within 1 hour of birth,41.7,1,GH,Ghana,2008,GH2008DHS,CN_BRFI_C_1HR,104266020,I,408005,1408050,Region,Eastern,0,,0,1,CNBRFIC1HR,GHDHS2008408005,2008,DHS,105,109,,,1
GHA,Ashanti,4383711,Children who started breastfeeding within 1 hour of birth,46.2,1,GH,Ghana,2008,GH2008DHS,CN_BRFI_C_1HR,104266020,I,408006,1408060,Region,Ashanti,0,,0,1,CNBRFIC1HR,GHDHS2008408006,2008,DHS,215,174,,,1
GHA,Brong-Ahafo,6619063,Children who started breastfeeding within 1 hour of birth,56.1,1,GH,Ghana,2008,GH2008DHS,CN_BRFI_C_1HR,104266020,I,408007,1408070,Region,Brong-Ahafo,0,,0,1,CNBRFIC1HR,GHDHS2008408007,2008,DHS,107,103,,,1
GHA,"Northern, Upper West, Upper East",3981912,Children who started breastfeeding within 1 hour of birth,54.7,1,GH,Ghana,2008,GH2008DHS,CN_BRFI_C_1HR,104266020,I,408008,1408080,Region,"Northern, Upper West, Upper East",0,,0,1,CNBRFIC1HR,GHDHS2008408008,2008,DHS,276,415,,,
GHA,Northern (pre 2022),7294587,Children who started breastfeeding within 1 hour of birth,48.9,1,GH,Ghana,2008,GH2008DHS,CN_BRFI_C_1HR,104266020,I,408009,1408090,Region,..Northern (pre 2022),0,,0,1,CNBRFIC1HR,GHDHS2008408009,2008,DHS,177,188,,,1
GHA,Upper West,5387496,Children who started breastfeeding within 1 hour of birth,62,1,GH,Ghana,2008,GH2008DHS,CN_BRFI_C_1HR,104266020,I,408010,1408100,Region,..Upper West,0,,0,1,CNBRFIC1HR,GHDHS2008408010,2008,DHS,36,132,,,1
GHA,Upper East,1702032,Children who started breastfeeding within 1 hour of birth,66.8,1,GH,Ghana,2008,GH2008DHS,CN_BRFI_C_1HR,104266020,I,408011,1408110,Region,..Upper East,0,,0,1,CNBRFIC1HR,GHDHS2008408011,2008,DHS,63,95,,,1
GHA,Western (pre 2022),7865235,Median duration of any breastfeeding,20.6,1,GH,Ghana,2008,GH2008DHS,CN_BFDR_C_MDA,104336010,I,408001,1408010,Region,Western (pre 2022),0,,0,1,CNBFDRCMDA,GHDHS2008408001,2008,DHS,,,,,1
GHA,Central,1687397,Median duration of any breastfeeding,18.6,1,GH,Ghana,2008,GH2008DHS,CN_BFDR_C_MDA,104336010,I,408002,1408020,Region,Central,0,,0,1,CNBFDRCMDA,GHDHS2008408002,2008,DHS,,,,,1
GHA,Greater Accra,7575617,Median duration of any breastfeeding,18.6,1,GH,Ghana,2008,GH2008DHS,CN_BFDR_C_MDA,104336010,I,408003,1408030,Region,Greater Accra,0,,0,1,CNBFDRCMDA,GHDHS2008408003,2008,DHS,,,,,1
GHA,Volta (pre 2022),1687404,Median duration of any breastfeeding,21.4,1,GH,Ghana,2008,GH2008DHS,CN_BFDR_C_MDA,104336010,I,408004,1408040,Region,Volta (pre 2022),0,,0,1,CNBFDRCMDA,GHDHS2008408004,2008,DHS,,,,,1
GHA,Eastern,1702068,Median duration of any breastfeeding,19.6,1,GH,Ghana,2008,GH2008DHS,CN_BFDR_C_MDA,104336010,I,408005,1408050,Region,Eastern,0,,0,1,CNBFDRCMDA,GHDHS2008408005,2008,DHS,,,,,1
GHA,Ashanti,1687406,Median duration of any breastfeeding,19.9,1,GH,Ghana,2008,GH2008DHS,CN_BFDR_C_MDA,104336010,I,408006,1408060,Region,Ashanti,0,,0,1,CNBFDRCMDA,GHDHS2008408006,2008,DHS,,,,,1
GHA,Brong-Ahafo,1702055,Median duration of any breastfeeding,20.8,1,GH,Ghana,2008,GH2008DHS,CN_BFDR_C_MDA,104336010,I,408007,1408070,Region,Brong-Ahafo,0,,0,1,CNBFDRCMDA,GHDHS2008408007,2008,DHS,,,,,1
GHA,"Northern, Upper West, Upper East",1708877,Median duration of any breastfeeding,24.1,1,GH,Ghana,2008,GH2008DHS,CN_BFDR_C_MDA,104336010,I,408008,1408080,Region,"Northern, Upper West, Upper East",0,,0,1,CNBFDRCMDA,GHDHS2008408008,2008,DHS,,,,,
GHA,Northern (pre 2022),1708869,Median duration of any breastfeeding,22.5,1,GH,Ghana,2008,GH2008DHS,CN_BFDR_C_MDA,104336010,I,408009,1408090,Region,..Northern (pre 2022),0,,0,1,CNBFDRCMDA,GHDHS2008408009,2008,DHS,,,,,1
GHA,Upper West,1687421,Median duration of any breastfeeding,24.8,1,GH,Ghana,2008,GH2008DHS,CN_BFDR_C_MDA,104336010,I,408010,1408100,Region,..Upper West,0,,0,1,CNBFDRCMDA,GHDHS2008408010,2008,DHS,,,,,1
GHA,Upper East,1702066,Median duration of any breastfeeding,28.6,1,GH,Ghana,2008,GH2008DHS,CN_BFDR_C_MDA,104336010,I,408011,1408110,Region,..Upper East,0,,0,1,CNBFDRCMDA,GHDHS2008408011,2008,DHS,,,,,1
GHA,Western (pre 2022),5587804,Children ever breastfed,98.1,1,GH,Ghana,2014,GH2014DHS,CN_BRFI_C_EVR,104266010,I,408001,1408010,Region,Western (pre 2022),0,,0,1,CNBRFICEVR,GHDHS2014408001,2014,DHS,217,214,,,1
GHA,Central,6453669,Children ever breastfed,99.4,1,GH,Ghana,2014,GH2014DHS,CN_BRFI_C_EVR,104266010,I,408002,1408020,Region,Central,0,,0,1,CNBRFICEVR,GHDHS2014408002,2014,DHS,258,234,,,1
GHA,Greater Accra,1687602,Children ever breastfed,98.3,1,GH,Ghana,2014,GH2014DHS,CN_BRFI_C_EVR,104266010,I,408003,1408030,Region,Greater Accra,0,,0,1,CNBRFICEVR,GHDHS2014408003,2014,DHS,332,179,,,1
GHA,Volta (pre 2022),4457698,Children ever breastfed,97.6,1,GH,Ghana,2014,GH2014DHS,CN_BRFI_C_EVR,104266010,I,408004,1408040,Region,Volta (pre 2022),0,,0,1,CNBRFICEVR,GHDHS2014408004,2014,DHS,177,192,,,1
GHA,Eastern,1694292,Children ever breastfed,98.3,1,GH,Ghana,2014,GH2014DHS,CN_BRFI_C_EVR,104266010,I,408005,1408050,Region,Eastern,0,,0,1,CNBRFICEVR,GHDHS2014408005,2014,DHS,206,210,,,1
GHA,Ashanti,6360944,Children ever breastfed,97.7,1,GH,Ghana,2014,GH2014DHS,CN_BRFI_C_EVR,104266010,I,408006,1408060,Region,Ashanti,0,,0,1,CNBRFICEVR,GHDHS2014408006,2014,DHS,397,222,,,1
GHA,Brong-Ahafo,2247974,Children ever breastfed,96.7,1,GH,Ghana,2014,GH2014DHS,CN_BRFI_C_EVR,104266010,I,408007,1408070,Region,Brong-Ahafo,0,,0,1,CNBRFICEVR,GHDHS2014408007,2014,DHS,214,265,,,1
GHA,"Northern, Upper West, Upper East",7280989,Children ever breastfed,99.6,1,GH,Ghana,2014,GH2014DHS,CN_BRFI_C_EVR,104266010,I,408008,1408080,Region,"Northern, Upper West, Upper East",0,,0,1,CNBRFICEVR,GHDHS2014408008,2014,DHS,463,813,,,
GHA,Northern (pre 2022),5066576,Children ever breastfed,99.6,1,GH,Ghana,2014,GH2014DHS,CN_BRFI_C_EVR,104266010,I,408009,1408090,Region,..Northern (pre 2022),0,,0,1,CNBRFICEVR,GHDHS2014408009,2014,DHS,304,373,,,1
GHA,Upper West,1694282,Children ever breastfed,100,1,GH,Ghana,2014,GH2014DHS,CN_BRFI_C_EVR,104266010,I,408010,1408100,Region,..Upper West,0,,0,1,CNBRFICEVR,GHDHS2014408010,2014,DHS,64,204,,,1
GHA,Upper East,4839354,Children ever breastfed,99.4,1,GH,Ghana,2014,GH2014DHS,CN_BRFI_C_EVR,104266010,I,408011,1408110,Region,..Upper East,0,,0,1,CNBRFICEVR,GHDHS2014408011,2014,DHS,95,236,,,1
GHA,Western (pre 2022),5587779,Children who started breastfeeding within 1 hour of birth,62,1,GH,Ghana,2014,GH2014DHS,CN_BRFI_C_1HR,104266020,I,408001,1408010,Region,Western (pre 2022),0,,0,1,CNBRFIC1HR,GHDHS2014408001,2014,DHS,217,214,,,1
GHA,Central,6453655,Children who started breastfeeding within 1 hour of birth,60.9,1,GH,Ghana,2014,GH2014DHS,CN_BRFI_C_1HR,104266020,I,408002,1408020,Region,Central,0,,0,1,CNBRFIC1HR,GHDHS2014408002,2014,DHS,258,234,,,1
GHA,Greater Accra,1687601,Children who started breastfeeding within 1 hour of birth,52.8,1,GH,Ghana,2014,GH2014DHS,CN_BRFI_C_1HR,104266020,I,408003,1408030,Region,Greater Accra,0,,0,1,CNBRFIC1HR,GHDHS2014408003,2014,DHS,332,179,,,1
GHA,Volta (pre 2022),4457697,Children who started breastfeeding within 1 hour of birth,44.1,1,GH,Ghana,2014,GH2014DHS,CN_BRFI_C_1HR,104266020,I,408004,1408040,Region,Volta (pre 2022),0,,0,1,CNBRFIC1HR,GHDHS2014408004,2014,DHS,177,192,,,1
GHA,Eastern,1694269,Children who started breastfeeding within 1 hour of birth,50.7,1,GH,Ghana,2014,GH2014DHS,CN_BRFI_C_1HR,104266020,I,408005,1408050,Region,Eastern,0,,0,1,CNBRFIC1HR,GHDHS2014408005,2014,DHS,206,210,,,1
GHA,Ashanti,6360915,Children who started breastfeeding within 1 hour of birth,50,1,GH,Ghana,2014,GH2014DHS,CN_BRFI_C_1HR,104266020,I,408006,1408060,Region,Ashanti,0,,0,1,CNBRFIC1HR,GHDHS2014408006,2014,DHS,397,222,,,1
GHA,Brong-Ahafo,2247958,Children who started breastfeeding within 1 hour of birth,59.2,1,GH,Ghana,2014,GH2014DHS,CN_BRFI_C_1HR,104266020,I,408007,1408070,Region,Brong-Ahafo,0,,0,1,CNBRFIC1HR,GHDHS2014408007,2014,DHS,214,265,,,1
GHA,"Northern, Upper West, Upper East",7280981,Children who started breastfeeding within 1 hour of birth,61.5,1,GH,Ghana,2014,GH2014DHS,CN_BRFI_C_1HR,104266020,I,408008,1408080,Region,"Northern, Upper West, Upper East",0,,0,1,CNBRFIC1HR,GHDHS2014408008,2014,DHS,463,813,,,
GHA,Northern (pre 2022),5066574,Children who started breastfeeding within 1 hour of birth,64.7,1,GH,Ghana,2014,GH2014DHS,CN_BRFI_C_1HR,104266020,I,408009,1408090,Region,..Northern (pre 2022),0,,0,1,CNBRFIC1HR,GHDHS2014408009,2014,DHS,304,373,,,1
GHA,Upper West,1694280,Children who started breastfeeding within 1 hour of birth,40.6,1,GH,Ghana,2014,GH2014DHS,CN_BRFI_C_1HR,104266020,I,408010,1408100,Region,..Upper West,0,,0,1,CNBRFIC1HR,GHDHS2014408010,2014,DHS,64,204,,,1
GHA,Upper East,4839353,Children who started breastfeeding within 1 hour of birth,65.2,1,GH,Ghana,2014,GH2014DHS,CN_BRFI_C_1HR,104266020,I,408011,1408110,Region,..Upper East,0,,0,1,CNBRFIC1HR,GHDHS2014408011,2014,DHS,95,236,,,1
GHA,Western (pre 2022),1687647,Median duration of any breastfeeding,20.6,1,GH,Ghana,2014,GH2014DHS,CN_BFDR_C_MDA,104336010,I,408001,1408010,Region,Western (pre 2022),0,,0,1,CNBFDRCMDA,GHDHS2014408001,2014,DHS,,,,,1
GHA,Central,1709012,Median duration of any breastfeeding,20.4,1,GH,Ghana,2014,GH2014DHS,CN_BFDR_C_MDA,104336010,I,408002,1408020,Region,Central,0,,0,1,CNBFDRCMDA,GHDHS2014408002,2014,DHS,,,,,1
GHA,Greater Accra,1687619,Median duration of any breastfeeding,18.7,1,GH,Ghana,2014,GH2014DHS,CN_BFDR_C_MDA,104336010,I,408003,1408030,Region,Greater Accra,0,,0,1,CNBFDRCMDA,GHDHS2014408003,2014,DHS,,,,,1
GHA,Volta (pre 2022),1702279,Median duration of any breastfeeding,22.9,1,GH,Ghana,2014,GH2014DHS,CN_BFDR_C_MDA,104336010,I,408004,1408040,Region,Volta (pre 2022),0,,0,1,CNBFDRCMDA,GHDHS2014408004,2014,DHS,,,,,1
GHA,Eastern,1694302,Median duration of any breastfeeding,19.6,1,GH,Ghana,2014,GH2014DHS,CN_BFDR_C_MDA,104336010,I,408005,1408050,Region,Eastern,0,,0,1,CNBFDRCMDA,GHDHS2014408005,2014,DHS,,,,,1
GHA,Ashanti,1702272,Median duration of any breastfeeding,19.4,1,GH,Ghana,2014,GH2014DHS,CN_BFDR_C_MDA,104336010,I,408006,1408060,Region,Ashanti,0,,0,1,CNBFDRCMDA,GHDHS2014408006,2014,DHS,,,,,1
GHA,Brong-Ahafo,1702293,Median duration of any breastfeeding,21.1,1,GH,Ghana,2014,GH2014DHS,CN_BFDR_C_MDA,104336010,I,408007,1408070,Region,Brong-Ahafo,0,,0,1,CNBFDRCMDA,GHDHS2014408007,2014,DHS,,,,,1
GHA,"Northern, Upper West, Upper East",1694327,Median duration of any breastfeeding,24.4,1,GH,Ghana,2014,GH2014DHS,CN_BFDR_C_MDA,104336010,I,408008,1408080,Region,"Northern, Upper West, Upper East",0,,0,1,CNBFDRCMDA,GHDHS2014408008,2014,DHS,,,,,
GHA,Northern (pre 2022),1702275,Median duration of any breastfeeding,24.8,1,GH,Ghana,2014,GH2014DHS,CN_BFDR_C_MDA,104336010,I,408009,1408090,Region,..Northern (pre 2022),0,,0,1,CNBFDRCMDA,GHDHS2014408009,2014,DHS,,,,,1
GHA,Upper West,1694287,Median duration of any breastfeeding,24.5,1,GH,Ghana,2014,GH2014DHS,CN_BFDR_C_MDA,104336010,I,408010,1408100,Region,..Upper West,0,,0,1,CNBFDRCMDA,GHDHS2014408010,2014,DHS,,,,,1
GHA,Upper East,1694323,Median duration of any breastfeeding,23.1,1,GH,Ghana,2014,GH2014DHS,CN_BFDR_C_MDA,104336010,I,408011,1408110,Region,..Upper East,0,,0,1,CNBFDRCMDA,GHDHS2014408011,2014,DHS,,,,,1
GHA,Western (pre 2022),5215443,Breastfed children 6-23 months fed both 4+ food groups and the minimum meal frequency,14.4,1,GH,Ghana,2014,GH2014DHS,CN_IYCF_C_BTB,104436030,I,408001,1408010,Region,Western (pre 2022),0,,0,1,CNIYCFCBTB,GHDHS2014408001,2014,DHS,121,112,,,1
GHA,Central,4085322,Breastfed children 6-23 months fed both 4+ food groups and the minimum meal frequency,26.9,1,GH,Ghana,2014,GH2014DHS,CN_IYCF_C_BTB,104436030,I,408002,1408020,Region,Central,0,,0,1,CNIYCFCBTB,GHDHS2014408002,2014,DHS,167,145,,,1
GHA,Greater Accra,1525764,Breastfed children 6-23 months fed both 4+ food groups and the minimum meal frequency,24.8,1,GH,Ghana,2014,GH2014DHS,CN_IYCF_C_BTB,104436030,I,408003,1408030,Region,Greater Accra,0,,0,1,CNIYCFCBTB,GHDHS2014408003,2014,DHS,173,94,,,1
GHA,Volta (pre 2022),4164305,Breastfed children 6-23 months fed both 4+ food groups and the minimum meal frequency,11.9,1,GH,Ghana,2014,GH2014DHS,CN_IYCF_C_BTB,104436030,I,408004,1408040,Region,Volta (pre 2022),0,,0,1,CNIYCFCBTB,GHDHS2014408004,2014,DHS,111,119,,,1
GHA,Eastern,3569680,Breastfed children 6-23 months fed both 4+ food groups and the minimum meal frequency,4.3,1,GH,Ghana,2014,GH2014DHS,CN_IYCF_C_BTB,104436030,I,408005,1408050,Region,Eastern,0,,0,1,CNIYCFCBTB,GHDHS2014408005,2014,DHS,112,116,,,1
GHA,Ashanti,1702286,Breastfed children 6-23 months fed both 4+ food groups and the minimum meal frequency,8.4,1,GH,Ghana,2014,GH2014DHS,CN_IYCF_C_BTB,104436030,I,408006,1408060,Region,Ashanti,0,,0,1,CNIYCFCBTB,GHDHS2014408006,2014,DHS,255,137,,,1
GHA,Brong-Ahafo,5781232,Breastfed children 6-23 months fed both 4+ food groups and the minimum meal frequency,13.4,1,GH,Ghana,2014,GH2014DHS,CN_IYCF_C_BTB,104436030,I,408007,1408070,Region,Brong-Ahafo,0,,0,1,CNIYCFCBTB,GHDHS2014408007,2014,DHS,144,181,,,1
GHA,"Northern, Upper West, Upper East",5575323,Breastfed children 6-23 months fed both 4+ food groups and the minimum meal frequency,13.5,1,GH,Ghana,2014,GH2014DHS,CN_IYCF_C_BTB,104436030,I,408008,1408080,Region,"Northern, Upper West, Upper East",0,,0,1,CNIYCFCBTB,GHDHS2014408008,2014,DHS,298,512,,,
GHA,Northern (pre 2022),3045598,Breastfed children 6-23 months fed both 4+ food groups and the minimum meal frequency,14.6,1,GH,Ghana,2014,GH2014DHS,CN_IYCF_C_BTB,104436030,I,408009,1408090,Region,..Northern (pre 2022),0,,0,1,CNIYCFCBTB,GHDHS2014408009,2014,DHS,201,245,,,1
GHA,Upper West,4695821,Breastfed children 6-23 months fed both 4+ food groups and the minimum meal frequency,15.1,1,GH,Ghana,2014,GH2014DHS,CN_IYCF_C_BTB,104436030,I,408010,1408100,Region,..Upper West,0,,0,1,CNIYCFCBTB,GHDHS2014408010,2014,DHS,37,122,,,1
GHA,Upper East,3076887,Breastfed children 6-23 months fed both 4+ food groups and the minimum meal frequency,8.5,1,GH,Ghana,2014,GH2014DHS,CN_IYCF_C_BTB,104436030,I,408011,1408110,Region,..Upper East,0,,0,1,CNIYCFCBTB,GHDHS2014408011,2014,DHS,60,145,,,1
GHA,Western (pre 2022),1687676,Non-breastfed children 6-23 months fed milk or milk products,14.6,1,GH,Ghana,2014,GH2014DHS,CN_IYCF_C_MKN,104436060,I,408001,1408010,Region,Western (pre 2022),0,,0,1,CNIYCFCMKN,GHDHS2014408001,2014,DHS,27,29,,,1
GHA,Central,2642072,Non-breastfed children 6-23 months fed milk or milk products,5.2,1,GH,Ghana,2014,GH2014DHS,CN_IYCF_C_MKN,104436060,I,408002,1408020,Region,Central,0,,0,1,CNIYCFCMKN,GHDHS2014408002,2014,DHS,38,36,,,1
GHA,Greater Accra,3613683,Non-breastfed children 6-23 months fed milk or milk products,26.8,1,GH,Ghana,2014,GH2014DHS,CN_IYCF_C_MKN,104436060,I,408003,1408030,Region,Greater Accra,0,,0,1,CNIYCFCMKN,GHDHS2014408003,2014,DHS,64,32,,,1
GHA,Eastern,6262176,Non-breastfed children 6-23 months fed milk or milk products,8.1,1,GH,Ghana,2014,GH2014DHS,CN_IYCF_C_MKN,104436060,I,408005,1408050,Region,Eastern,0,,0,1,CNIYCFCMKN,GHDHS2014408005,2014,DHS,35,35,,,1
GHA,Ashanti,5805726,Non-breastfed children 6-23 months fed milk or milk products,5.1,1,GH,Ghana,2014,GH2014DHS,CN_IYCF_C_MKN,104436060,I,408006,1408060,Region,Ashanti,0,,0,1,CNIYCFCMKN,GHDHS2014408006,2014,DHS,39,26,,,1
GHA,Brong-Ahafo,5593249,Non-breastfed children 6-23 months fed milk or milk products,0,1,GH,Ghana,2014,GH2014DHS,CN_IYCF_C_MKN,104436060,I,408007,1408070,Region,Brong-Ahafo,0,,0,1,CNIYCFCMKN,GHDHS2014408007,2014,DHS,26,25,,,1
GHA,"Northern, Upper West, Upper East",1694333,Non-breastfed children 6-23 months fed milk or milk products,3.7,1,GH,Ghana,2014,GH2014DHS,CN_IYCF_C_MKN,104436060,I,408008,1408080,Region,"Northern, Upper West, Upper East",0,,0,1,CNIYCFCMKN,GHDHS2014408008,2014,DHS,18,41,,,
GHA,Western (pre 2022),1687675,Non-breastfed children 6-23 months with 3 IYCF practices,5.1,1,GH,Ghana,2014,GH2014DHS,CN_IYCF_C_3PN,104436090,I,408001,1408010,Region,Western (pre 2022),0,,0,1,CNIYCFC3PN,GHDHS2014408001,2014,DHS,27,29,,,1
GHA,Central,2642073,Non-breastfed children 6-23 months with 3 IYCF practices,0,1,GH,Ghana,2014,GH2014DHS,CN_IYCF_C_3PN,104436090,I,408002,1408020,Region,Central,0,,0,1,CNIYCFC3PN,GHDHS2014408002,2014,DHS,38,36,,,1
GHA,Greater Accra,3613682,Non-breastfed children 6-23 months with 3 IYCF practices,17.1,1,GH,Ghana,2014,GH2014DHS,CN_IYCF_C_3PN,104436090,I,408003,1408030,Region,Greater Accra,0,,0,1,CNIYCFC3PN,GHDHS2014408003,2014,DHS,64,32,,,1
GHA,Eastern,6262149,Non-breastfed children 6-23 months with 3 IYCF practices,2.4,1,GH,Ghana,2014,GH2014DHS,CN_IYCF_C_3PN,104436090,I,408005,1408050,Region,Eastern,0,,0,1,CNIYCFC3PN,GHDHS2014408005,2014,DHS,35,35,,,1
GHA,Ashanti,5805729,Non-breastfed children 6-23 months with 3 IYCF practices,0,1,GH,Ghana,2014,GH2014DHS,CN_IYCF_C_3PN,104436090,I,408006,1408060,Region,Ashanti,0,,0,1,CNIYCFC3PN,GHDHS2014408006,2014,DHS,39,26,,,1
GHA,Brong-Ahafo,5593247,Non-breastfed children 6-23 months with 3 IYCF practices,0,1,GH,Ghana,2014,GH2014DHS,CN_IYCF_C_3PN,104436090,I,408007,1408070,Region,Brong-Ahafo,0,,0,1,CNIYCFC3PN,GHDHS2014408007,2014,DHS,26,25,,,1
GHA,"Northern, Upper West, Upper East",1694330,Non-breastfed children 6-23 months with 3 IYCF practices,3.7,1,GH,Ghana,2014,GH2014DHS,CN_IYCF_C_3PN,104436090,I,408008,1408080,Region,"Northern, Upper West, Upper East",0,,0,1,CNIYCFC3PN,GHDHS2014408008,2014,DHS,18,41,,,
GHA,Western (pre 2022),1687680,Children 6-23 months fed 5+ food groups,27.4,1,GH,Ghana,2014,GH2014DHS,CN_IYCF_C_4FA,104436130,I,408001,1408010,Region,Western (pre 2022),0,,0,1,CNIYCFC4FA,GHDHS2014408001,2014,DHS,148,141,,,1
GHA,Central,3486814,Children 6-23 months fed 5+ food groups,37.7,1,GH,Ghana,2014,GH2014DHS,CN_IYCF_C_4FA,104436130,I,408002,1408020,Region,Central,0,,0,1,CNIYCFC4FA,GHDHS2014408002,2014,DHS,205,181,,,1
GHA,Greater Accra,2366713,Children 6-23 months fed 5+ food groups,50.1,1,GH,Ghana,2014,GH2014DHS,CN_IYCF_C_4FA,104436130,I,408003,1408030,Region,Greater Accra,0,,0,1,CNIYCFC4FA,GHDHS2014408003,2014,DHS,237,126,,,1
GHA,Volta (pre 2022),7232703,Children 6-23 months fed 5+ food groups,17.1,1,GH,Ghana,2014,GH2014DHS,CN_IYCF_C_4FA,104436130,I,408004,1408040,Region,Volta (pre 2022),0,,0,1,CNIYCFC4FA,GHDHS2014408004,2014,DHS,126,135,,,1
GHA,Eastern,4894498,Children 6-23 months fed 5+ food groups,13.9,1,GH,Ghana,2014,GH2014DHS,CN_IYCF_C_4FA,104436130,I,408005,1408050,Region,Eastern,0,,0,1,CNIYCFC4FA,GHDHS2014408005,2014,DHS,147,151,,,1
GHA,Ashanti,1702298,Children 6-23 months fed 5+ food groups,10.5,1,GH,Ghana,2014,GH2014DHS,CN_IYCF_C_4FA,104436130,I,408006,1408060,Region,Ashanti,0,,0,1,CNIYCFC4FA,GHDHS2014408006,2014,DHS,294,163,,,1
GHA,Brong-Ahafo,6857404,Children 6-23 months fed 5+ food groups,22.9,1,GH,Ghana,2014,GH2014DHS,CN_IYCF_C_4FA,104436130,I,408007,1408070,Region,Brong-Ahafo,0,,0,1,CNIYCFC4FA,GHDHS2014408007,2014,DHS,170,206,,,1
GHA,"Northern, Upper West, Upper East",2534564,Children 6-23 months fed 5+ food groups,16.7,1,GH,Ghana,2014,GH2014DHS,CN_IYCF_C_4FA,104436130,I,408008,1408080,Region,"Northern, Upper West, Upper East",0,,0,1,CNIYCFC4FA,GHDHS2014408008,2014,DHS,316,553,,,
GHA,Northern (pre 2022),6531627,Children 6-23 months fed 5+ food groups,16.9,1,GH,Ghana,2014,GH2014DHS,CN_IYCF_C_4FA,104436130,I,408009,1408090,Region,..Northern (pre 2022),0,,0,1,CNIYCFC4FA,GHDHS2014408009,2014,DHS,208,255,,,1
GHA,Upper West,6670406,Children 6-23 months fed 5+ food groups,18.6,1,GH,Ghana,2014,GH2014DHS,CN_IYCF_C_4FA,104436130,I,408010,1408100,Region,..Upper West,0,,0,1,CNIYCFC4FA,GHDHS2014408010,2014,DHS,41,135,,,1
GHA,Upper East,1694325,Children 6-23 months fed 5+ food groups,14.8,1,GH,Ghana,2014,GH2014DHS,CN_IYCF_C_4FA,104436130,I,408011,1408110,Region,..Upper East,0,,0,1,CNIYCFC4FA,GHDHS2014408011,2014,DHS,67,163,,,1
GHA,Western (pre 2022),1687681,Children 6-23 months fed the minimum meal frequency,38.1,1,GH,Ghana,2014,GH2014DHS,CN_IYCF_C_MNA,104436140,I,408001,1408010,Region,Western (pre 2022),0,,0,1,CNIYCFCMNA,GHDHS2014408001,2014,DHS,148,141,,,1
GHA,Central,3486815,Children 6-23 months fed the minimum meal frequency,49.9,1,GH,Ghana,2014,GH2014DHS,CN_IYCF_C_MNA,104436140,I,408002,1408020,Region,Central,0,,0,1,CNIYCFCMNA,GHDHS2014408002,2014,DHS,205,181,,,1
GHA,Greater Accra,2366714,Children 6-23 months fed the minimum meal frequency,49.5,1,GH,Ghana,2014,GH2014DHS,CN_IYCF_C_MNA,104436140,I,408003,1408030,Region,Greater Accra,0,,0,1,CNIYCFCMNA,GHDHS2014408003,2014,DHS,237,126,,,1
GHA,Volta (pre 2022),7232705,Children 6-23 months fed the minimum meal frequency,44.8,1,GH,Ghana,2014,GH2014DHS,CN_IYCF_C_MNA,104436140,I,408004,1408040,Region,Volta (pre 2022),0,,0,1,CNIYCFCMNA,GHDHS2014408004,2014,DHS,126,135,,,1
GHA,Eastern,4894499,Children 6-23 months fed the minimum meal frequency,25.6,1,GH,Ghana,2014,GH2014DHS,CN_IYCF_C_MNA,104436140,I,408005,1408050,Region,Eastern,0,,0,1,CNIYCFCMNA,GHDHS2014408005,2014,DHS,147,151,,,1
GHA,Ashanti,1702299,Children 6-23 months fed the minimum meal frequency,46.7,1,GH,Ghana,2014,GH2014DHS,CN_IYCF_C_MNA,104436140,I,408006,1408060,Region,Ashanti,0,,0,1,CNIYCFCMNA,GHDHS2014408006,2014,DHS,294,163,,,1
GHA,Brong-Ahafo,6857434,Children 6-23 months fed the minimum meal frequency,38.4,1,GH,Ghana,2014,GH2014DHS,CN_IYCF_C_MNA,104436140,I,408007,1408070,Region,Brong-Ahafo,0,,0,1,CNIYCFCMNA,GHDHS2014408007,2014,DHS,170,206,,,1
GHA,"Northern, Upper West, Upper East",2534565,Children 6-23 months fed the minimum meal frequency,43.7,1,GH,Ghana,2014,GH2014DHS,CN_IYCF_C_MNA,104436140,I,408008,1408080,Region,"Northern, Upper West, Upper East",0,,0,1,CNIYCFCMNA,GHDHS2014408008,2014,DHS,316,553,,,
GHA,Northern (pre 2022),6531628,Children 6-23 months fed the minimum meal frequency,45.2,1,GH,Ghana,2014,GH2014DHS,CN_IYCF_C_MNA,104436140,I,408009,1408090,Region,..Northern (pre 2022),0,,0,1,CNIYCFCMNA,GHDHS2014408009,2014,DHS,208,255,,,1
GHA,Upper West,6670407,Children 6-23 months fed the minimum meal frequency,49.3,1,GH,Ghana,2014,GH2014DHS,CN_IYCF_C_MNA,104436140,I,408010,1408100,Region,..Upper West,0,,0,1,CNIYCFCMNA,GHDHS2014408010,2014,DHS,41,135,,,1
GHA,Upper East,1694335,Children 6-23 months fed the minimum meal frequency,35.8,1,GH,Ghana,2014,GH2014DHS,CN_IYCF_C_MNA,104436140,I,408011,1408110,Region,..Upper East,0,,0,1,CNIYCFCMNA,GHDHS2014408011,2014,DHS,67,163,,,1
GHA,Western (pre 2022),1687682,Children 6-23 months with 3 IYCF practices,12.7,1,GH,Ghana,2014,GH2014DHS,CN_IYCF_C_3PA,104436150,I,408001,1408010,Region,Western (pre 2022),0,,0,1,CNIYCFC3PA,GHDHS2014408001,2014,DHS,148,141,,,1
GHA,Central,3486816,Children 6-23 months with 3 IYCF practices,21.9,1,GH,Ghana,2014,GH2014DHS,CN_IYCF_C_3PA,104436150,I,408002,1408020,Region,Central,0,,0,1,CNIYCFC3PA,GHDHS2014408002,2014,DHS,205,181,,,1
GHA,Greater Accra,2366715,Children 6-23 months with 3 IYCF practices,22.7,1,GH,Ghana,2014,GH2014DHS,CN_IYCF_C_3PA,104436150,I,408003,1408030,Region,Greater Accra,0,,0,1,CNIYCFC3PA,GHDHS2014408003,2014,DHS,237,126,,,1
GHA,Volta (pre 2022),7232807,Children 6-23 months with 3 IYCF practices,10.5,1,GH,Ghana,2014,GH2014DHS,CN_IYCF_C_3PA,104436150,I,408004,1408040,Region,Volta (pre 2022),0,,0,1,CNIYCFC3PA,GHDHS2014408004,2014,DHS,126,135,,,1
GHA,Eastern,4894500,Children 6-23 months with 3 IYCF practices,3.9,1,GH,Ghana,2014,GH2014DHS,CN_IYCF_C_3PA,104436150,I,408005,1408050,Region,Eastern,0,,0,1,CNIYCFC3PA,GHDHS2014408005,2014,DHS,147,151,,,1
GHA,Ashanti,1702300,Children 6-23 months with 3 IYCF practices,7.3,1,GH,Ghana,2014,GH2014DHS,CN_IYCF_C_3PA,104436150,I,408006,1408060,Region,Ashanti,0,,0,1,CNIYCFC3PA,GHDHS2014408006,2014,DHS,294,163,,,1
GHA,Brong-Ahafo,6857435,Children 6-23 months with 3 IYCF practices,11.3,1,GH,Ghana,2014,GH2014DHS,CN_IYCF_C_3PA,104436150,I,408007,1408070,Region,Brong-Ahafo,0,,0,1,CNIYCFC3PA,GHDHS2014408007,2014,DHS,170,206,,,1
GHA,"Northern, Upper West, Upper East",2534566,Children 6-23 months with 3 IYCF practices,12.9,1,GH,Ghana,2014,GH2014DHS,CN_IYCF_C_3PA,104436150,I,408008,1408080,Region,"Northern, Upper West, Upper East",0,,0,1,CNIYCFC3PA,GHDHS2014408008,2014,DHS,316,553,,,
GHA,Northern (pre 2022),6531629,Children 6-23 months with 3 IYCF practices,14.1,1,GH,Ghana,2014,GH2014DHS,CN_IYCF_C_3PA,104436150,I,408009,1408090,Region,..Northern (pre 2022),0,,0,1,CNIYCFC3PA,GHDHS2014408009,2014,DHS,208,255,,,1
GHA,Upper West,6670408,Children 6-23 months with 3 IYCF practices,13.7,1,GH,Ghana,2014,GH2014DHS,CN_IYCF_C_3PA,104436150,I,408010,1408100,Region,..Upper West,0,,0,1,CNIYCFC3PA,GHDHS2014408010,2014,DHS,41,135,,,1
GHA,Upper East,1694336,Children 6-23 months with 3 IYCF practices,8.6,1,GH,Ghana,2014,GH2014DHS,CN_IYCF_C_3PA,104436150,I,408011,1408110,Region,..Upper East,0,,0,1,CNIYCFC3PA,GHDHS2014408011,2014,DHS,67,163,,,1
GHA,Western (pre 2022),2236210,Children ever breastfed,96.8,1,GH,Ghana,2022,GH2022DHS,CN_BRFI_C_EVR,104266010,I,408001,1408010,Region,Western (pre 2022),0,,0,1,CNBRFICEVR,GHDHS2022408001,2022,DHS,312,371,,,
GHA,Western (post 2022),5267119,Children ever breastfed,96.8,1,GH,Ghana,2022,GH2022DHS,CN_BRFI_C_EVR,104266010,I,408012,1408012,Region,..Western (post 2022),0,,0,1,CNBRFICEVR,GHDHS2022408012,2022,DHS,212,179,,,1
GHA,Western North,1182290,Children ever breastfed,96.8,1,GH,Ghana,2022,GH2022DHS,CN_BRFI_C_EVR,104266010,I,408013,1408013,Region,..Western North,0,,0,1,CNBRFICEVR,GHDHS2022408013,2022,DHS,101,192,,,1
GHA,Central,4854644,Children ever breastfed,97.1,1,GH,Ghana,2022,GH2022DHS,CN_BRFI_C_EVR,104266010,I,408002,1408020,Region,Central,0,,0,1,CNBRFICEVR,GHDHS2022408002,2022,DHS,380,222,,,1
GHA,Greater Accra,3483346,Children ever breastfed,98.7,1,GH,Ghana,2022,GH2022DHS,CN_BRFI_C_EVR,104266010,I,408003,1408030,Region,Greater Accra,0,,0,1,CNBRFICEVR,GHDHS2022408003,2022,DHS,427,183,,,1
GHA,Volta (pre 2022),1374773,Children ever breastfed,98,1,GH,Ghana,2022,GH2022DHS,CN_BRFI_C_EVR,104266010,I,408004,1408040,Region,Volta (pre 2022),0,,0,1,CNBRFICEVR,GHDHS2022408004,2022,DHS,263,441,,,
GHA,Volta (post 2022),1499529,Children ever breastfed,98.9,1,GH,Ghana,2022,GH2022DHS,CN_BRFI_C_EVR,104266010,I,408014,1408042,Region,..Volta (post 2022),0,,0,1,CNBRFICEVR,GHDHS2022408014,2022,DHS,135,160,,,1
GHA,Oti,6578997,Children ever breastfed,97,1,GH,Ghana,2022,GH2022DHS,CN_BRFI_C_EVR,104266010,I,408015,1408043,Region,..Oti,0,,0,1,CNBRFICEVR,GHDHS2022408015,2022,DHS,128,281,,,1
GHA,Eastern,7214001,Children ever breastfed,97,1,GH,Ghana,2022,GH2022DHS,CN_BRFI_C_EVR,104266010,I,408005,1408050,Region,Eastern,0,,0,1,CNBRFICEVR,GHDHS2022408005,2022,DHS,252,171,,,1
GHA,Ashanti,2193917,Children ever breastfed,94,1,GH,Ghana,2022,GH2022DHS,CN_BRFI_C_EVR,104266010,I,408006,1408060,Region,Ashanti,0,,0,1,CNBRFICEVR,GHDHS2022408006,2022,DHS,666,259,,,1
GHA,Brong-Ahafo,4469490,Children ever breastfed,97.1,1,GH,Ghana,2022,GH2022DHS,CN_BRFI_C_EVR,104266010,I,408007,1408070,Region,Brong-Ahafo,0,,0,1,CNBRFICEVR,GHDHS2022408007,2022,DHS,400,682,,,
GHA,Ahafo,4292684,Children ever breastfed,94.9,1,GH,Ghana,2022,GH2022DHS,CN_BRFI_C_EVR,104266010,I,408016,1408072,Region,..Ahafo,0,,0,1,CNBRFICEVR,GHDHS2022408016,2022,DHS,81,214,,,1
GHA,Bono,7710143,Children ever breastfed,97.8,1,GH,Ghana,2022,GH2022DHS,CN_BRFI_C_EVR,104266010,I,408017,1408074,Region,..Bono,0,,0,1,CNBRFICEVR,GHDHS2022408017,2022,DHS,117,174,,,1
GHA,Bono East,1175585,Children ever breastfed,97.6,1,GH,Ghana,2022,GH2022DHS,CN_BRFI_C_EVR,104266010,I,408018,1408076,Region,..Bono East,0,,0,1,CNBRFICEVR,GHDHS2022408018,2022,DHS,202,294,,,1
GHA,"Northern, Upper West, Upper East",3250743,Children ever breastfed,97.1,1,GH,Ghana,2022,GH2022DHS,CN_BRFI_C_EVR,104266010,I,408008,1408080,Region,"Northern, Upper West, Upper East",0,,0,1,CNBRFICEVR,GHDHS2022408008,2022,DHS,939,1682,,,
GHA,Northern (pre 2022),1175603,Children ever breastfed,96.8,1,GH,Ghana,2022,GH2022DHS,CN_BRFI_C_EVR,104266010,I,408009,1408090,Region,..Northern (pre 2022),0,,0,1,CNBRFICEVR,GHDHS2022408009,2022,DHS,634,1139,,,
GHA,..Northern(post 2022),7555024,Children ever breastfed,96.5,1,GH,Ghana,2022,GH2022DHS,CN_BRFI_C_EVR,104266010,I,408019,1408092,Region,....Northern(post 2022),0,,0,1,CNBRFICEVR,GHDHS2022408019,2022,DHS,406,420,,,1
GHA,..Savannah,2227989,Children ever breastfed,95.5,1,GH,Ghana,2022,GH2022DHS,CN_BRFI_C_EVR,104266010,I,408020,1408094,Region,....Savannah,0,,0,1,CNBRFICEVR,GHDHS2022408020,2022,DHS,111,340,,,1
GHA,..Northeast,6832729,Children ever breastfed,98.9,1,GH,Ghana,2022,GH2022DHS,CN_BRFI_C_EVR,104266010,I,408021,1408096,Region,....Northeast,0,,0,1,CNBRFICEVR,GHDHS2022408021,2022,DHS,116,379,,,1
GHA,Upper West,7742095,Children ever breastfed,98.2,1,GH,Ghana,2022,GH2022DHS,CN_BRFI_C_EVR,104266010,I,408010,1408100,Region,..Upper West,0,,0,1,CNBRFICEVR,GHDHS2022408010,2022,DHS,109,256,,,1
GHA,Upper East,6710893,Children ever breastfed,97.4,1,GH,Ghana,2022,GH2022DHS,CN_BRFI_C_EVR,104266010,I,408011,1408110,Region,..Upper East,0,,0,1,CNBRFICEVR,GHDHS2022408011,2022,DHS,196,287,,,1
GHA,Western (pre 2022),2236211,Children who started breastfeeding within 1 hour of birth,64.6,1,GH,Ghana,2022,GH2022DHS,CN_BRFI_C_1HR,104266020,I,408001,1408010,Region,Western (pre 2022),0,,0,1,CNBRFIC1HR,GHDHS2022408001,2022,DHS,312,371,,,
GHA,Western (post 2022),5267121,Children who started breastfeeding within 1 hour of birth,65,1,GH,Ghana,2022,GH2022DHS,CN_BRFI_C_1HR,104266020,I,408012,1408012,Region,..Western (post 2022),0,,0,1,CNBRFIC1HR,GHDHS2022408012,2022,DHS,212,179,,,1
GHA,Western North,1182321,Children who started breastfeeding within 1 hour of birth,64,1,GH,Ghana,2022,GH2022DHS,CN_BRFI_C_1HR,104266020,I,408013,1408013,Region,..Western North,0,,0,1,CNBRFIC1HR,GHDHS2022408013,2022,DHS,101,192,,,1
GHA,Central,4854643,Children who started breastfeeding within 1 hour of birth,51.5,1,GH,Ghana,2022,GH2022DHS,CN_BRFI_C_1HR,104266020,I,408002,1408020,Region,Central,0,,0,1,CNBRFIC1HR,GHDHS2022408002,2022,DHS,380,222,,,1
GHA,Greater Accra,3483347,Children who started breastfeeding within 1 hour of birth,43.8,1,GH,Ghana,2022,GH2022DHS,CN_BRFI_C_1HR,104266020,I,408003,1408030,Region,Greater Accra,0,,0,1,CNBRFIC1HR,GHDHS2022408003,2022,DHS,427,183,,,1
GHA,Volta (pre 2022),1374788,Children who started breastfeeding within 1 hour of birth,66.8,1,GH,Ghana,2022,GH2022DHS,CN_BRFI_C_1HR,104266020,I,408004,1408040,Region,Volta (pre 2022),0,,0,1,CNBRFIC1HR,GHDHS2022408004,2022,DHS,263,441,,,
GHA,Volta (post 2022),1499530,Children who started breastfeeding within 1 hour of birth,68.4,1,GH,Ghana,2022,GH2022DHS,CN_BRFI_C_1HR,104266020,I,408014,1408042,Region,..Volta (post 2022),0,,0,1,CNBRFIC1HR,GHDHS2022408014,2022,DHS,135,160,,,1
GHA,Oti,6578999,Children who started breastfeeding within 1 hour of birth,65.1,1,GH,Ghana,2022,GH2022DHS,CN_BRFI_C_1HR,104266020,I,408015,1408043,Region,..Oti,0,,0,1,CNBRFIC1HR,GHDHS2022408015,2022,DHS,128,281,,,1
GHA,Eastern,7214002,Children who started breastfeeding within 1 hour of birth,48.3,1,GH,Ghana,2022,GH2022DHS,CN_BRFI_C_1HR,104266020,I,408005,1408050,Region,Eastern,0,,0,1,CNBRFIC1HR,GHDHS2022408005,2022,DHS,252,171,,,1
GHA,Ashanti,2193869,Children who started breastfeeding within 1 hour of birth,61.2,1,GH,Ghana,2022,GH2022DHS,CN_BRFI_C_1HR,104266020,I,408006,1408060,Region,Ashanti,0,,0,1,CNBRFIC1HR,GHDHS2022408006,2022,DHS,666,259,,,1
GHA,Brong-Ahafo,4469489,Children who started breastfeeding within 1 hour of birth,63.2,1,GH,Ghana,2022,GH2022DHS,CN_BRFI_C_1HR,104266020,I,408007,1408070,Region,Brong-Ahafo,0,,0,1,CNBRFIC1HR,GHDHS2022408007,2022,DHS,400,682,,,
GHA,Ahafo,4292681,Children who started breastfeeding within 1 hour of birth,43.9,1,GH,Ghana,2022,GH2022DHS,CN_BRFI_C_1HR,104266020,I,408016,1408072,Region,..Ahafo,0,,0,1,CNBRFIC1HR,GHDHS2022408016,2022,DHS,81,214,,,1
GHA,Bono,7710141,Children who started breastfeeding within 1 hour of birth,63.5,1,GH,Ghana,2022,GH2022DHS,CN_BRFI_C_1HR,104266020,I,408017,1408074,Region,..Bono,0,,0,1,CNBRFIC1HR,GHDHS2022408017,2022,DHS,117,174,,,1
GHA,Bono East,1175580,Children who started breastfeeding within 1 hour of birth,70.6,1,GH,Ghana,2022,GH2022DHS,CN_BRFI_C_1HR,104266020,I,408018,1408076,Region,..Bono East,0,,0,1,CNBRFIC1HR,GHDHS2022408018,2022,DHS,202,294,,,1
GHA,"Northern, Upper West, Upper East",3250790,Children who started breastfeeding within 1 hour of birth,61.2,1,GH,Ghana,2022,GH2022DHS,CN_BRFI_C_1HR,104266020,I,408008,1408080,Region,"Northern, Upper West, Upper East",0,,0,1,CNBRFIC1HR,GHDHS2022408008,2022,DHS,939,1682,,,
GHA,Northern (pre 2022),1175605,Children who started breastfeeding within 1 hour of birth,59.6,1,GH,Ghana,2022,GH2022DHS,CN_BRFI_C_1HR,104266020,I,408009,1408090,Region,..Northern (pre 2022),0,,0,1,CNBRFIC1HR,GHDHS2022408009,2022,DHS,634,1139,,,
GHA,..Northern(post 2022),7555025,Children who started breastfeeding within 1 hour of birth,56.5,1,GH,Ghana,2022,GH2022DHS,CN_BRFI_C_1HR,104266020,I,408019,1408092,Region,....Northern(post 2022),0,,0,1,CNBRFIC1HR,GHDHS2022408019,2022,DHS,406,420,,,1
GHA,..Savannah,2227993,Children who started breastfeeding within 1 hour of birth,63.3,1,GH,Ghana,2022,GH2022DHS,CN_BRFI_C_1HR,104266020,I,408020,1408094,Region,....Savannah,0,,0,1,CNBRFIC1HR,GHDHS2022408020,2022,DHS,111,340,,,1
GHA,..Northeast,6832730,Children who started breastfeeding within 1 hour of birth,66.8,1,GH,Ghana,2022,GH2022DHS,CN_BRFI_C_1HR,104266020,I,408021,1408096,Region,....Northeast,0,,0,1,CNBRFIC1HR,GHDHS2022408021,2022,DHS,116,379,,,1
GHA,Upper West,7742097,Children who started breastfeeding within 1 hour of birth,61.2,1,GH,Ghana,2022,GH2022DHS,CN_BRFI_C_1HR,104266020,I,408010,1408100,Region,..Upper West,0,,0,1,CNBRFIC1HR,GHDHS2022408010,2022,DHS,109,256,,,1
GHA,Upper East,6710895,Children who started breastfeeding within 1 hour of birth,66.4,1,GH,Ghana,2022,GH2022DHS,CN_BRFI_C_1HR,104266020,I,408011,1408110,Region,..Upper East,0,,0,1,CNBRFIC1HR,GHDHS2022408011,2022,DHS,196,287,,,1
GHA,Western (pre 2022),5069740,Median duration of any breastfeeding,19.2,1,GH,Ghana,2022,GH2022DHS,CN_BFDR_C_MDA,104336010,I,408001,1408010,Region,Western (pre 2022),0,,0,1,CNBFDRCMDA,GHDHS2022408001,2022,DHS,,,,,
GHA,Western (post 2022),1182384,Median duration of any breastfeeding,19,1,GH,Ghana,2022,GH2022DHS,CN_BFDR_C_MDA,104336010,I,408012,1408012,Region,..Western (post 2022),0,,0,1,CNBFDRCMDA,GHDHS2022408012,2022,DHS,,,,,1
GHA,Western North,1182419,Median duration of any breastfeeding,19.8,1,GH,Ghana,2022,GH2022DHS,CN_BFDR_C_MDA,104336010,I,408013,1408013,Region,..Western North,0,,0,1,CNBFDRCMDA,GHDHS2022408013,2022,DHS,,,,,1
GHA,Central,1175641,Median duration of any breastfeeding,17.7,1,GH,Ghana,2022,GH2022DHS,CN_BFDR_C_MDA,104336010,I,408002,1408020,Region,Central,0,,0,1,CNBFDRCMDA,GHDHS2022408002,2022,DHS,,,,,1
GHA,Greater Accra,1183011,Median duration of any breastfeeding,17.7,1,GH,Ghana,2022,GH2022DHS,CN_BFDR_C_MDA,104336010,I,408003,1408030,Region,Greater Accra,0,,0,1,CNBFDRCMDA,GHDHS2022408003,2022,DHS,,,,,1
GHA,Volta (pre 2022),1183020,Median duration of any breastfeeding,21.3,1,GH,Ghana,2022,GH2022DHS,CN_BFDR_C_MDA,104336010,I,408004,1408040,Region,Volta (pre 2022),0,,0,1,CNBFDRCMDA,GHDHS2022408004,2022,DHS,,,,,
GHA,Volta (post 2022),3649419,Median duration of any breastfeeding,20.5,1,GH,Ghana,2022,GH2022DHS,CN_BFDR_C_MDA,104336010,I,408014,1408042,Region,..Volta (post 2022),0,,0,1,CNBFDRCMDA,GHDHS2022408014,2022,DHS,,,,,1
GHA,Oti,1189914,Median duration of any breastfeeding,22,1,GH,Ghana,2022,GH2022DHS,CN_BFDR_C_MDA,104336010,I,408015,1408043,Region,..Oti,0,,0,1,CNBFDRCMDA,GHDHS2022408015,2022,DHS,,,,,1
GHA,Eastern,1189896,Median duration of any breastfeeding,20,1,GH,Ghana,2022,GH2022DHS,CN_BFDR_C_MDA,104336010,I,408005,1408050,Region,Eastern,0,,0,1,CNBFDRCMDA,GHDHS2022408005,2022,DHS,,,,,1
GHA,Ashanti,1182430,Median duration of any breastfeeding,19.5,1,GH,Ghana,2022,GH2022DHS,CN_BFDR_C_MDA,104336010,I,408006,1408060,Region,Ashanti,0,,0,1,CNBFDRCMDA,GHDHS2022408006,2022,DHS,,,,,1
GHA,Brong-Ahafo,1189921,Median duration of any breastfeeding,20.9,1,GH,Ghana,2022,GH2022DHS,CN_BFDR_C_MDA,104336010,I,408007,1408070,Region,Brong-Ahafo,0,,0,1,CNBFDRCMDA,GHDHS2022408007,2022,DHS,,,,,
GHA,Ahafo,1175681,Median duration of any breastfeeding,20.5,1,GH,Ghana,2022,GH2022DHS,CN_BFDR_C_MDA,104336010,I,408016,1408072,Region,..Ahafo,0,,0,1,CNBFDRCMDA,GHDHS2022408016,2022,DHS,,,,,1
GHA,Bono,7741414,Median duration of any breastfeeding,19.7,1,GH,Ghana,2022,GH2022DHS,CN_BFDR_C_MDA,104336010,I,408017,1408074,Region,..Bono,0,,0,1,CNBFDRCMDA,GHDHS2022408017,2022,DHS,,,,,1
GHA,Bono East,1393584,Median duration of any breastfeeding,21.8,1,GH,Ghana,2022,GH2022DHS,CN_BFDR_C_MDA,104336010,I,408018,1408076,Region,..Bono East,0,,0,1,CNBFDRCMDA,GHDHS2022408018,2022,DHS,,,,,1
GHA,"Northern, Upper West, Upper East",7053272,Median duration of any breastfeeding,23.2,1,GH,Ghana,2022,GH2022DHS,CN_BFDR_C_MDA,104336010,I,408008,1408080,Region,"Northern, Upper West, Upper East",0,,0,1,CNBFDRCMDA,GHDHS2022408008,2022,DHS,,,,,
GHA,Northern (pre 2022),1175664,Median duration of any breastfeeding,23.6,1,GH,Ghana,2022,GH2022DHS,CN_BFDR_C_MDA,104336010,I,408009,1408090,Region,..Northern (pre 2022),0,,0,1,CNBFDRCMDA,GHDHS2022408009,2022,DHS,,,,,
GHA,..Northern(post 2022),7571802,Median duration of any breastfeeding,24.2,1,GH,Ghana,2022,GH2022DHS,CN_BFDR_C_MDA,104336010,I,408019,1408092,Region,....Northern(post 2022),0,,0,1,CNBFDRCMDA,GHDHS2022408019,2022,DHS,,,,,1
GHA,..Savannah,1189918,Median duration of any breastfeeding,22.5,1,GH,Ghana,2022,GH2022DHS,CN_BFDR_C_MDA,104336010,I,408020,1408094,Region,....Savannah,0,,0,1,CNBFDRCMDA,GHDHS2022408020,2022,DHS,,,,,1
GHA,..Northeast,1175642,Median duration of any breastfeeding,23.1,1,GH,Ghana,2022,GH2022DHS,CN_BFDR_C_MDA,104336010,I,408021,1408096,Region,....Northeast,0,,0,1,CNBFDRCMDA,GHDHS2022408021,2022,DHS,,,,,1
GHA,Upper West,7743268,Median duration of any breastfeeding,23.4,1,GH,Ghana,2022,GH2022DHS,CN_BFDR_C_MDA,104336010,I,408010,1408100,Region,..Upper West,0,,0,1,CNBFDRCMDA,GHDHS2022408010,2022,DHS,,,,,1
GHA,Upper East,1182412,Median duration of any breastfeeding,22,1,GH,Ghana,2022,GH2022DHS,CN_BFDR_C_MDA,104336010,I,408011,1408110,Region,..Upper East,0,,0,1,CNBFDRCMDA,GHDHS2022408011,2022,DHS,,,,,1
GHA,Western (pre 2022),3918436,Breastfed children 6-23 months fed both 4+ food groups and the minimum meal frequency,26.5,1,GH,Ghana,2022,GH2022DHS,CN_IYCF_C_BTB,104436030,I,408001,1408010,Region,Western (pre 2022),0,,0,1,CNIYCFCBTB,GHDHS2022408001,2022,DHS,173,200,,,
GHA,Western (post 2022),1182420,Breastfed children 6-23 months fed both 4+ food groups and the minimum meal frequency,27.4,1,GH,Ghana,2022,GH2022DHS,CN_IYCF_C_BTB,104436030,I,408012,1408012,Region,..Western (post 2022),0,,0,1,CNIYCFCBTB,GHDHS2022408012,2022,DHS,117,99,,,1
GHA,Western North,4720684,Breastfed children 6-23 months fed both 4+ food groups and the minimum meal frequency,24.6,1,GH,Ghana,2022,GH2022DHS,CN_IYCF_C_BTB,104436030,I,408013,1408013,Region,..Western North,0,,0,1,CNIYCFCBTB,GHDHS2022408013,2022,DHS,55,101,,,1
GHA,Central,6658608,Breastfed children 6-23 months fed both 4+ food groups and the minimum meal frequency,35.6,1,GH,Ghana,2022,GH2022DHS,CN_IYCF_C_BTB,104436030,I,408002,1408020,Region,Central,0,,0,1,CNIYCFCBTB,GHDHS2022408002,2022,DHS,180,104,,,1
GHA,Greater Accra,2935445,Breastfed children 6-23 months fed both 4+ food groups and the minimum meal frequency,34.5,1,GH,Ghana,2022,GH2022DHS,CN_IYCF_C_BTB,104436030,I,408003,1408030,Region,Greater Accra,0,,0,1,CNIYCFCBTB,GHDHS2022408003,2022,DHS,192,79,,,1
GHA,Volta (pre 2022),5225428,Breastfed children 6-23 months fed both 4+ food groups and the minimum meal frequency,28.9,1,GH,Ghana,2022,GH2022DHS,CN_IYCF_C_BTB,104436030,I,408004,1408040,Region,Volta (pre 2022),0,,0,1,CNIYCFCBTB,GHDHS2022408004,2022,DHS,155,253,,,
GHA,Volta (post 2022),6331148,Breastfed children 6-23 months fed both 4+ food groups and the minimum meal frequency,30.8,1,GH,Ghana,2022,GH2022DHS,CN_IYCF_C_BTB,104436030,I,408014,1408042,Region,..Volta (post 2022),0,,0,1,CNIYCFCBTB,GHDHS2022408014,2022,DHS,84,98,,,1
GHA,Oti,2584069,Breastfed children 6-23 months fed both 4+ food groups and the minimum meal frequency,26.7,1,GH,Ghana,2022,GH2022DHS,CN_IYCF_C_BTB,104436030,I,408015,1408043,Region,..Oti,0,,0,1,CNIYCFCBTB,GHDHS2022408015,2022,DHS,72,155,,,1
GHA,Eastern,1527359,Breastfed children 6-23 months fed both 4+ food groups and the minimum meal frequency,24.7,1,GH,Ghana,2022,GH2022DHS,CN_IYCF_C_BTB,104436030,I,408005,1408050,Region,Eastern,0,,0,1,CNIYCFCBTB,GHDHS2022408005,2022,DHS,132,90,,,1
GHA,Ashanti,1983394,Breastfed children 6-23 months fed both 4+ food groups and the minimum meal frequency,26.3,1,GH,Ghana,2022,GH2022DHS,CN_IYCF_C_BTB,104436030,I,408006,1408060,Region,Ashanti,0,,0,1,CNIYCFCBTB,GHDHS2022408006,2022,DHS,342,137,,,1
GHA,Brong-Ahafo,3671674,Breastfed children 6-23 months fed both 4+ food groups and the minimum meal frequency,17.7,1,GH,Ghana,2022,GH2022DHS,CN_IYCF_C_BTB,104436030,I,408007,1408070,Region,Brong-Ahafo,0,,0,1,CNIYCFCBTB,GHDHS2022408007,2022,DHS,227,388,,,
GHA,Ahafo,5966038,Breastfed children 6-23 months fed both 4+ food groups and the minimum meal frequency,23.3,1,GH,Ghana,2022,GH2022DHS,CN_IYCF_C_BTB,104436030,I,408016,1408072,Region,..Ahafo,0,,0,1,CNIYCFCBTB,GHDHS2022408016,2022,DHS,46,121,,,1
GHA,Bono,7729172,Breastfed children 6-23 months fed both 4+ food groups and the minimum meal frequency,24.3,1,GH,Ghana,2022,GH2022DHS,CN_IYCF_C_BTB,104436030,I,408017,1408074,Region,..Bono,0,,0,1,CNIYCFCBTB,GHDHS2022408017,2022,DHS,65,96,,,1
GHA,Bono East,5541103,Breastfed children 6-23 months fed both 4+ food groups and the minimum meal frequency,11.7,1,GH,Ghana,2022,GH2022DHS,CN_IYCF_C_BTB,104436030,I,408018,1408076,Region,..Bono East,0,,0,1,CNIYCFCBTB,GHDHS2022408018,2022,DHS,116,171,,,1
GHA,"Northern, Upper West, Upper East",4234522,Breastfed children 6-23 months fed both 4+ food groups and the minimum meal frequency,22.2,1,GH,Ghana,2022,GH2022DHS,CN_IYCF_C_BTB,104436030,I,408008,1408080,Region,"Northern, Upper West, Upper East",0,,0,1,CNIYCFCBTB,GHDHS2022408008,2022,DHS,600,1048,,,
GHA,Northern (pre 2022),7135811,Breastfed children 6-23 months fed both 4+ food groups and the minimum meal frequency,17.6,1,GH,Ghana,2022,GH2022DHS,CN_IYCF_C_BTB,104436030,I,408009,1408090,Region,..Northern (pre 2022),0,,0,1,CNIYCFCBTB,GHDHS2022408009,2022,DHS,411,705,,,
GHA,..Northern(post 2022),7556170,Breastfed children 6-23 months fed both 4+ food groups and the minimum meal frequency,14.3,1,GH,Ghana,2022,GH2022DHS,CN_IYCF_C_BTB,104436030,I,408019,1408092,Region,....Northern(post 2022),0,,0,1,CNIYCFCBTB,GHDHS2022408019,2022,DHS,279,284,,,1
GHA,..Savannah,4043237,Breastfed children 6-23 months fed both 4+ food groups and the minimum meal frequency,11.7,1,GH,Ghana,2022,GH2022DHS,CN_IYCF_C_BTB,104436030,I,408020,1408094,Region,....Savannah,0,,0,1,CNIYCFCBTB,GHDHS2022408020,2022,DHS,63,191,,,1
GHA,..Northeast,6658610,Breastfed children 6-23 months fed both 4+ food groups and the minimum meal frequency,36.1,1,GH,Ghana,2022,GH2022DHS,CN_IYCF_C_BTB,104436030,I,408021,1408096,Region,....Northeast,0,,0,1,CNIYCFCBTB,GHDHS2022408021,2022,DHS,69,230,,,1
GHA,Upper West,7744059,Breastfed children 6-23 months fed both 4+ food groups and the minimum meal frequency,27.8,1,GH,Ghana,2022,GH2022DHS,CN_IYCF_C_BTB,104436030,I,408010,1408100,Region,..Upper West,0,,0,1,CNIYCFCBTB,GHDHS2022408010,2022,DHS,73,170,,,1
GHA,Upper East,5652826,Breastfed children 6-23 months fed both 4+ food groups and the minimum meal frequency,35.3,1,GH,Ghana,2022,GH2022DHS,CN_IYCF_C_BTB,104436030,I,408011,1408110,Region,..Upper East,0,,0,1,CNIYCFCBTB,GHDHS2022408011,2022,DHS,116,173,,,1
GHA,Western (pre 2022),7409811,Non-breastfed children 6-23 months fed milk or milk products,26.9,1,GH,Ghana,2022,GH2022DHS,CN_IYCF_C_MKN,104436060,I,408001,1408010,Region,Western (pre 2022),0,,0,1,CNIYCFCMKN,GHDHS2022408001,2022,DHS,57,68,,,
GHA,Western (post 2022),4829200,Non-breastfed children 6-23 months fed milk or milk products,30.2,1,GH,Ghana,2022,GH2022DHS,CN_IYCF_C_MKN,104436060,I,408012,1408012,Region,..Western (post 2022),0,,0,1,CNIYCFCMKN,GHDHS2022408012,2022,DHS,40,35,,,1
GHA,Western North,6245644,Non-breastfed children 6-23 months fed milk or milk products,18.8,1,GH,Ghana,2022,GH2022DHS,CN_IYCF_C_MKN,104436060,I,408013,1408013,Region,..Western North,0,,0,1,CNIYCFCMKN,GHDHS2022408013,2022,DHS,16,33,,,1
GHA,Central,1175651,Non-breastfed children 6-23 months fed milk or milk products,17,1,GH,Ghana,2022,GH2022DHS,CN_IYCF_C_MKN,104436060,I,408002,1408020,Region,Central,0,,0,1,CNIYCFCMKN,GHDHS2022408002,2022,DHS,87,51,,,1
GHA,Greater Accra,5165620,Non-breastfed children 6-23 months fed milk or milk products,43.4,1,GH,Ghana,2022,GH2022DHS,CN_IYCF_C_MKN,104436060,I,408003,1408030,Region,Greater Accra,0,,0,1,CNIYCFCMKN,GHDHS2022408003,2022,DHS,97,41,,,1
GHA,Volta (pre 2022),1183022,Non-breastfed children 6-23 months fed milk or milk products,6,1,GH,Ghana,2022,GH2022DHS,CN_IYCF_C_MKN,104436060,I,408004,1408040,Region,Volta (pre 2022),0,,0,1,CNIYCFCMKN,GHDHS2022408004,2022,DHS,34,52,,,
GHA,Volta (post 2022),2331849,Non-breastfed children 6-23 months fed milk or milk products,3.8,1,GH,Ghana,2022,GH2022DHS,CN_IYCF_C_MKN,104436060,I,408014,1408042,Region,..Volta (post 2022),0,,0,1,CNIYCFCMKN,GHDHS2022408014,2022,DHS,24,29,,,1
GHA,Eastern,2554816,Non-breastfed children 6-23 months fed milk or milk products,31.3,1,GH,Ghana,2022,GH2022DHS,CN_IYCF_C_MKN,104436060,I,408005,1408050,Region,Eastern,0,,0,1,CNIYCFCMKN,GHDHS2022408005,2022,DHS,43,29,,,1
GHA,Ashanti,3752542,Non-breastfed children 6-23 months fed milk or milk products,29.9,1,GH,Ghana,2022,GH2022DHS,CN_IYCF_C_MKN,104436060,I,408006,1408060,Region,Ashanti,0,,0,1,CNIYCFCMKN,GHDHS2022408006,2022,DHS,134,50,,,1
GHA,Brong-Ahafo,4327115,Non-breastfed children 6-23 months fed milk or milk products,13.5,1,GH,Ghana,2022,GH2022DHS,CN_IYCF_C_MKN,104436060,I,408007,1408070,Region,Brong-Ahafo,0,,0,1,CNIYCFCMKN,GHDHS2022408007,2022,DHS,48,81,,,
GHA,Bono,7710137,Non-breastfed children 6-23 months fed milk or milk products,7.8,1,GH,Ghana,2022,GH2022DHS,CN_IYCF_C_MKN,104436060,I,408017,1408074,Region,..Bono,0,,0,1,CNIYCFCMKN,GHDHS2022408017,2022,DHS,19,30,,,1
GHA,Bono East,3250795,Non-breastfed children 6-23 months fed milk or milk products,18,1,GH,Ghana,2022,GH2022DHS,CN_IYCF_C_MKN,104436060,I,408018,1408076,Region,..Bono East,0,,0,1,CNIYCFCMKN,GHDHS2022408018,2022,DHS,21,31,,,1
GHA,"Northern, Upper West, Upper East",7157498,Non-breastfed children 6-23 months fed milk or milk products,21.3,1,GH,Ghana,2022,GH2022DHS,CN_IYCF_C_MKN,104436060,I,408008,1408080,Region,"Northern, Upper West, Upper East",0,,0,1,CNIYCFCMKN,GHDHS2022408008,2022,DHS,61,115,,,
GHA,Northern (pre 2022),3909137,Non-breastfed children 6-23 months fed milk or milk products,18.7,1,GH,Ghana,2022,GH2022DHS,CN_IYCF_C_MKN,104436060,I,408009,1408090,Region,..Northern (pre 2022),0,,0,1,CNIYCFCMKN,GHDHS2022408009,2022,DHS,38,80,,,
GHA,..Northern(post 2022),7555448,Non-breastfed children 6-23 months fed milk or milk products,24.7,1,GH,Ghana,2022,GH2022DHS,CN_IYCF_C_MKN,104436060,I,408019,1408092,Region,....Northern(post 2022),0,,0,1,CNIYCFCMKN,GHDHS2022408019,2022,DHS,22,26,,,1
GHA,..Savannah,3500148,Non-breastfed children 6-23 months fed milk or milk products,1.9,1,GH,Ghana,2022,GH2022DHS,CN_IYCF_C_MKN,104436060,I,408020,1408094,Region,....Savannah,0,,0,1,CNIYCFCMKN,GHDHS2022408020,2022,DHS,9,30,,,1
GHA,Western (pre 2022),7409810,Non-breastfed children 6-23 months with 3 IYCF practices,14.6,1,GH,Ghana,2022,GH2022DHS,CN_IYCF_C_3PN,104436090,I,408001,1408010,Region,Western (pre 2022),0,,0,1,CNIYCFC3PN,GHDHS2022408001,2022,DHS,57,68,,,
GHA,Western (post 2022),4829199,Non-breastfed children 6-23 months with 3 IYCF practices,18.2,1,GH,Ghana,2022,GH2022DHS,CN_IYCF_C_3PN,104436090,I,408012,1408012,Region,..Western (post 2022),0,,0,1,CNIYCFC3PN,GHDHS2022408012,2022,DHS,40,35,,,1
GHA,Western North,6245643,Non-breastfed children 6-23 months with 3 IYCF practices,5.6,1,GH,Ghana,2022,GH2022DHS,CN_IYCF_C_3PN,104436090,I,408013,1408013,Region,..Western North,0,,0,1,CNIYCFC3PN,GHDHS2022408013,2022,DHS,16,33,,,1
GHA,Central,1175653,Non-breastfed children 6-23 months with 3 IYCF practices,9.7,1,GH,Ghana,2022,GH2022DHS,CN_IYCF_C_3PN,104436090,I,408002,1408020,Region,Central,0,,0,1,CNIYCFC3PN,GHDHS2022408002,2022,DHS,87,51,,,1
GHA,Greater Accra,5165619,Non-breastfed children 6-23 months with 3 IYCF practices,21.2,1,GH,Ghana,2022,GH2022DHS,CN_IYCF_C_3PN,104436090,I,408003,1408030,Region,Greater Accra,0,,0,1,CNIYCFC3PN,GHDHS2022408003,2022,DHS,97,41,,,1
GHA,Volta (pre 2022),1183021,Non-breastfed children 6-23 months with 3 IYCF practices,0.9,1,GH,Ghana,2022,GH2022DHS,CN_IYCF_C_3PN,104436090,I,408004,1408040,Region,Volta (pre 2022),0,,0,1,CNIYCFC3PN,GHDHS2022408004,2022,DHS,34,52,,,
GHA,Volta (post 2022),2331848,Non-breastfed children 6-23 months with 3 IYCF practices,0,1,GH,Ghana,2022,GH2022DHS,CN_IYCF_C_3PN,104436090,I,408014,1408042,Region,..Volta (post 2022),0,,0,1,CNIYCFC3PN,GHDHS2022408014,2022,DHS,24,29,,,1
GHA,Eastern,2554804,Non-breastfed children 6-23 months with 3 IYCF practices,21.7,1,GH,Ghana,2022,GH2022DHS,CN_IYCF_C_3PN,104436090,I,408005,1408050,Region,Eastern,0,,0,1,CNIYCFC3PN,GHDHS2022408005,2022,DHS,43,29,,,1
GHA,Ashanti,3752545,Non-breastfed children 6-23 months with 3 IYCF practices,20.5,1,GH,Ghana,2022,GH2022DHS,CN_IYCF_C_3PN,104436090,I,408006,1408060,Region,Ashanti,0,,0,1,CNIYCFC3PN,GHDHS2022408006,2022,DHS,134,50,,,1
GHA,Brong-Ahafo,4327117,Non-breastfed children 6-23 months with 3 IYCF practices,2.7,1,GH,Ghana,2022,GH2022DHS,CN_IYCF_C_3PN,104436090,I,408007,1408070,Region,Brong-Ahafo,0,,0,1,CNIYCFC3PN,GHDHS2022408007,2022,DHS,48,81,,,
GHA,Bono,7710136,Non-breastfed children 6-23 months with 3 IYCF practices,0,1,GH,Ghana,2022,GH2022DHS,CN_IYCF_C_3PN,104436090,I,408017,1408074,Region,..Bono,0,,0,1,CNIYCFC3PN,GHDHS2022408017,2022,DHS,19,30,,,1
GHA,Bono East,3250794,Non-breastfed children 6-23 months with 3 IYCF practices,4.4,1,GH,Ghana,2022,GH2022DHS,CN_IYCF_C_3PN,104436090,I,408018,1408076,Region,..Bono East,0,,0,1,CNIYCFC3PN,GHDHS2022408018,2022,DHS,21,31,,,1
GHA,"Northern, Upper West, Upper East",7157500,Non-breastfed children 6-23 months with 3 IYCF practices,13.1,1,GH,Ghana,2022,GH2022DHS,CN_IYCF_C_3PN,104436090,I,408008,1408080,Region,"Northern, Upper West, Upper East",0,,0,1,CNIYCFC3PN,GHDHS2022408008,2022,DHS,61,115,,,
GHA,Northern (pre 2022),3909139,Non-breastfed children 6-23 months with 3 IYCF practices,9,1,GH,Ghana,2022,GH2022DHS,CN_IYCF_C_3PN,104436090,I,408009,1408090,Region,..Northern (pre 2022),0,,0,1,CNIYCFC3PN,GHDHS2022408009,2022,DHS,38,80,,,
GHA,..Northern(post 2022),7555447,Non-breastfed children 6-23 months with 3 IYCF practices,9.1,1,GH,Ghana,2022,GH2022DHS,CN_IYCF_C_3PN,104436090,I,408019,1408092,Region,....Northern(post 2022),0,,0,1,CNIYCFC3PN,GHDHS2022408019,2022,DHS,22,26,,,1
GHA,..Savannah,3500099,Non-breastfed children 6-23 months with 3 IYCF practices,1.9,1,GH,Ghana,2022,GH2022DHS,CN_IYCF_C_3PN,104436090,I,408020,1408094,Region,....Savannah,0,,0,1,CNIYCFC3PN,GHDHS2022408020,2022,DHS,9,30,,,1
GHA,Western (pre 2022),5746719,Children 6-23 months fed 5+ food groups,42.2,1,GH,Ghana,2022,GH2022DHS,CN_IYCF_C_4FA,104436130,I,408001,1408010,Region,Western (pre 2022),0,,0,1,CNIYCFC4FA,GHDHS2022408001,2022,DHS,229,268,,,
GHA,Western (post 2022),1182424,Children 6-23 months fed 5+ food groups,44.7,1,GH,Ghana,2022,GH2022DHS,CN_IYCF_C_4FA,104436130,I,408012,1408012,Region,..Western (post 2022),0,,0,1,CNIYCFC4FA,GHDHS2022408012,2022,DHS,157,134,,,1
GHA,Western North,7281976,Children 6-23 months fed 5+ food groups,36.5,1,GH,Ghana,2022,GH2022DHS,CN_IYCF_C_4FA,104436130,I,408013,1408013,Region,..Western North,0,,0,1,CNIYCFC4FA,GHDHS2022408013,2022,DHS,72,134,,,1
GHA,Central,1175649,Children 6-23 months fed 5+ food groups,46.1,1,GH,Ghana,2022,GH2022DHS,CN_IYCF_C_4FA,104436130,I,408002,1408020,Region,Central,0,,0,1,CNIYCFC4FA,GHDHS2022408002,2022,DHS,268,155,,,1
GHA,Greater Accra,4635120,Children 6-23 months fed 5+ food groups,44.7,1,GH,Ghana,2022,GH2022DHS,CN_IYCF_C_4FA,104436130,I,408003,1408030,Region,Greater Accra,0,,0,1,CNIYCFC4FA,GHDHS2022408003,2022,DHS,289,120,,,1
GHA,Volta (pre 2022),3229678,Children 6-23 months fed 5+ food groups,40.2,1,GH,Ghana,2022,GH2022DHS,CN_IYCF_C_4FA,104436130,I,408004,1408040,Region,Volta (pre 2022),0,,0,1,CNIYCFC4FA,GHDHS2022408004,2022,DHS,190,305,,,
GHA,Volta (post 2022),1182414,Children 6-23 months fed 5+ food groups,40.1,1,GH,Ghana,2022,GH2022DHS,CN_IYCF_C_4FA,104436130,I,408014,1408042,Region,..Volta (post 2022),0,,0,1,CNIYCFC4FA,GHDHS2022408014,2022,DHS,107,127,,,1
GHA,Oti,5365370,Children 6-23 months fed 5+ food groups,40.2,1,GH,Ghana,2022,GH2022DHS,CN_IYCF_C_4FA,104436130,I,408015,1408043,Region,..Oti,0,,0,1,CNIYCFC4FA,GHDHS2022408015,2022,DHS,82,178,,,1
GHA,Eastern,2108336,Children 6-23 months fed 5+ food groups,32,1,GH,Ghana,2022,GH2022DHS,CN_IYCF_C_4FA,104436130,I,408005,1408050,Region,Eastern,0,,0,1,CNIYCFC4FA,GHDHS2022408005,2022,DHS,175,119,,,1
GHA,Ashanti,5909484,Children 6-23 months fed 5+ food groups,42.7,1,GH,Ghana,2022,GH2022DHS,CN_IYCF_C_4FA,104436130,I,408006,1408060,Region,Ashanti,0,,0,1,CNIYCFC4FA,GHDHS2022408006,2022,DHS,476,187,,,1
GHA,Brong-Ahafo,6697070,Children 6-23 months fed 5+ food groups,36.7,1,GH,Ghana,2022,GH2022DHS,CN_IYCF_C_4FA,104436130,I,408007,1408070,Region,Brong-Ahafo,0,,0,1,CNIYCFC4FA,GHDHS2022408007,2022,DHS,276,469,,,
GHA,Ahafo,4655159,Children 6-23 months fed 5+ food groups,44.7,1,GH,Ghana,2022,GH2022DHS,CN_IYCF_C_4FA,104436130,I,408016,1408072,Region,..Ahafo,0,,0,1,CNIYCFC4FA,GHDHS2022408016,2022,DHS,54,141,,,1
GHA,Bono,7708994,Children 6-23 months fed 5+ food groups,38.8,1,GH,Ghana,2022,GH2022DHS,CN_IYCF_C_4FA,104436130,I,408017,1408074,Region,..Bono,0,,0,1,CNIYCFC4FA,GHDHS2022408017,2022,DHS,85,126,,,1
GHA,Bono East,3491276,Children 6-23 months fed 5+ food groups,32.2,1,GH,Ghana,2022,GH2022DHS,CN_IYCF_C_4FA,104436130,I,408018,1408076,Region,..Bono East,0,,0,1,CNIYCFC4FA,GHDHS2022408018,2022,DHS,137,202,,,1
GHA,"Northern, Upper West, Upper East",5121326,Children 6-23 months fed 5+ food groups,41.8,1,GH,Ghana,2022,GH2022DHS,CN_IYCF_C_4FA,104436130,I,408008,1408080,Region,"Northern, Upper West, Upper East",0,,0,1,CNIYCFC4FA,GHDHS2022408008,2022,DHS,661,1163,,,
GHA,Northern (pre 2022),4018353,Children 6-23 months fed 5+ food groups,38.5,1,GH,Ghana,2022,GH2022DHS,CN_IYCF_C_4FA,104436130,I,408009,1408090,Region,..Northern (pre 2022),0,,0,1,CNIYCFC4FA,GHDHS2022408009,2022,DHS,449,785,,,
GHA,..Northern(post 2022),7556219,Children 6-23 months fed 5+ food groups,40.2,1,GH,Ghana,2022,GH2022DHS,CN_IYCF_C_4FA,104436130,I,408019,1408092,Region,....Northern(post 2022),0,,0,1,CNIYCFC4FA,GHDHS2022408019,2022,DHS,302,310,,,1
GHA,..Savannah,5787039,Children 6-23 months fed 5+ food groups,17.5,1,GH,Ghana,2022,GH2022DHS,CN_IYCF_C_4FA,104436130,I,408020,1408094,Region,....Savannah,0,,0,1,CNIYCFC4FA,GHDHS2022408020,2022,DHS,72,221,,,1
GHA,..Northeast,1175659,Children 6-23 months fed 5+ food groups,51.4,1,GH,Ghana,2022,GH2022DHS,CN_IYCF_C_4FA,104436130,I,408021,1408096,Region,....Northeast,0,,0,1,CNIYCFC4FA,GHDHS2022408021,2022,DHS,76,254,,,1
GHA,Upper West,7742440,Children 6-23 months fed 5+ food groups,36.8,1,GH,Ghana,2022,GH2022DHS,CN_IYCF_C_4FA,104436130,I,408010,1408100,Region,..Upper West,0,,0,1,CNIYCFC4FA,GHDHS2022408010,2022,DHS,79,184,,,1
GHA,Upper East,6036829,Children 6-23 months fed 5+ food groups,55.8,1,GH,Ghana,2022,GH2022DHS,CN_IYCF_C_4FA,104436130,I,408011,1408110,Region,..Upper East,0,,0,1,CNIYCFC4FA,GHDHS2022408011,2022,DHS,133,194,,,1
GHA,Western (pre 2022),5746747,Children 6-23 months fed the minimum meal frequency,51.4,1,GH,Ghana,2022,GH2022DHS,CN_IYCF_C_MNA,104436140,I,408001,1408010,Region,Western (pre 2022),0,,0,1,CNIYCFCMNA,GHDHS2022408001,2022,DHS,229,268,,,
GHA,Western (post 2022),1182425,Children 6-23 months fed the minimum meal frequency,50.9,1,GH,Ghana,2022,GH2022DHS,CN_IYCF_C_MNA,104436140,I,408012,1408012,Region,..Western (post 2022),0,,0,1,CNIYCFCMNA,GHDHS2022408012,2022,DHS,157,134,,,1
GHA,Western North,7281977,Children 6-23 months fed the minimum meal frequency,52.5,1,GH,Ghana,2022,GH2022DHS,CN_IYCF_C_MNA,104436140,I,408013,1408013,Region,..Western North,0,,0,1,CNIYCFCMNA,GHDHS2022408013,2022,DHS,72,134,,,1
GHA,Central,1175655,Children 6-23 months fed the minimum meal frequency,68.9,1,GH,Ghana,2022,GH2022DHS,CN_IYCF_C_MNA,104436140,I,408002,1408020,Region,Central,0,,0,1,CNIYCFCMNA,GHDHS2022408002,2022,DHS,268,155,,,1
GHA,Greater Accra,4635121,Children 6-23 months fed the minimum meal frequency,58.9,1,GH,Ghana,2022,GH2022DHS,CN_IYCF_C_MNA,104436140,I,408003,1408030,Region,Greater Accra,0,,0,1,CNIYCFCMNA,GHDHS2022408003,2022,DHS,289,120,,,1
GHA,Volta (pre 2022),3229679,Children 6-23 months fed the minimum meal frequency,44,1,GH,Ghana,2022,GH2022DHS,CN_IYCF_C_MNA,104436140,I,408004,1408040,Region,Volta (pre 2022),0,,0,1,CNIYCFCMNA,GHDHS2022408004,2022,DHS,190,305,,,
GHA,Volta (post 2022),1182415,Children 6-23 months fed the minimum meal frequency,46.1,1,GH,Ghana,2022,GH2022DHS,CN_IYCF_C_MNA,104436140,I,408014,1408042,Region,..Volta (post 2022),0,,0,1,CNIYCFCMNA,GHDHS2022408014,2022,DHS,107,127,,,1
GHA,Oti,5365371,Children 6-23 months fed the minimum meal frequency,41.2,1,GH,Ghana,2022,GH2022DHS,CN_IYCF_C_MNA,104436140,I,408015,1408043,Region,..Oti,0,,0,1,CNIYCFCMNA,GHDHS2022408015,2022,DHS,82,178,,,1
GHA,Eastern,2108337,Children 6-23 months fed the minimum meal frequency,48.4,1,GH,Ghana,2022,GH2022DHS,CN_IYCF_C_MNA,104436140,I,408005,1408050,Region,Eastern,0,,0,1,CNIYCFCMNA,GHDHS2022408005,2022,DHS,175,119,,,1
GHA,Ashanti,5909513,Children 6-23 months fed the minimum meal frequency,56.1,1,GH,Ghana,2022,GH2022DHS,CN_IYCF_C_MNA,104436140,I,408006,1408060,Region,Ashanti,0,,0,1,CNIYCFCMNA,GHDHS2022408006,2022,DHS,476,187,,,1
GHA,Brong-Ahafo,6697071,Children 6-23 months fed the minimum meal frequency,32.6,1,GH,Ghana,2022,GH2022DHS,CN_IYCF_C_MNA,104436140,I,408007,1408070,Region,Brong-Ahafo,0,,0,1,CNIYCFCMNA,GHDHS2022408007,2022,DHS,276,469,,,
GHA,Ahafo,4655160,Children 6-23 months fed the minimum meal frequency,40,1,GH,Ghana,2022,GH2022DHS,CN_IYCF_C_MNA,104436140,I,408016,1408072,Region,..Ahafo,0,,0,1,CNIYCFCMNA,GHDHS2022408016,2022,DHS,54,141,,,1
GHA,Bono,7708995,Children 6-23 months fed the minimum meal frequency,49.5,1,GH,Ghana,2022,GH2022DHS,CN_IYCF_C_MNA,104436140,I,408017,1408074,Region,..Bono,0,,0,1,CNIYCFCMNA,GHDHS2022408017,2022,DHS,85,126,,,1
GHA,Bono East,3491277,Children 6-23 months fed the minimum meal frequency,19.2,1,GH,Ghana,2022,GH2022DHS,CN_IYCF_C_MNA,104436140,I,408018,1408076,Region,..Bono East,0,,0,1,CNIYCFCMNA,GHDHS2022408018,2022,DHS,137,202,,,1
GHA,"Northern, Upper West, Upper East",5121327,Children 6-23 months fed the minimum meal frequency,39.3,1,GH,Ghana,2022,GH2022DHS,CN_IYCF_C_MNA,104436140,I,408008,1408080,Region,"Northern, Upper West, Upper East",0,,0,1,CNIYCFCMNA,GHDHS2022408008,2022,DHS,661,1163,,,
GHA,Northern (pre 2022),4018362,Children 6-23 months fed the minimum meal frequency,34.7,1,GH,Ghana,2022,GH2022DHS,CN_IYCF_C_MNA,104436140,I,408009,1408090,Region,..Northern (pre 2022),0,,0,1,CNIYCFCMNA,GHDHS2022408009,2022,DHS,449,785,,,
GHA,..Northern(post 2022),7556220,Children 6-23 months fed the minimum meal frequency,30,1,GH,Ghana,2022,GH2022DHS,CN_IYCF_C_MNA,104436140,I,408019,1408092,Region,....Northern(post 2022),0,,0,1,CNIYCFCMNA,GHDHS2022408019,2022,DHS,302,310,,,1
GHA,..Savannah,5787040,Children 6-23 months fed the minimum meal frequency,44.3,1,GH,Ghana,2022,GH2022DHS,CN_IYCF_C_MNA,104436140,I,408020,1408094,Region,....Savannah,0,,0,1,CNIYCFCMNA,GHDHS2022408020,2022,DHS,72,221,,,1
GHA,..Northeast,1175675,Children 6-23 months fed the minimum meal frequency,44.3,1,GH,Ghana,2022,GH2022DHS,CN_IYCF_C_MNA,104436140,I,408021,1408096,Region,....Northeast,0,,0,1,CNIYCFCMNA,GHDHS2022408021,2022,DHS,76,254,,,1
GHA,Upper West,7742441,Children 6-23 months fed the minimum meal frequency,49,1,GH,Ghana,2022,GH2022DHS,CN_IYCF_C_MNA,104436140,I,408010,1408100,Region,..Upper West,0,,0,1,CNIYCFCMNA,GHDHS2022408010,2022,DHS,79,184,,,1
GHA,Upper East,6036830,Children 6-23 months fed the minimum meal frequency,48.8,1,GH,Ghana,2022,GH2022DHS,CN_IYCF_C_MNA,104436140,I,408011,1408110,Region,..Upper East,0,,0,1,CNIYCFCMNA,GHDHS2022408011,2022,DHS,133,194,,,1
GHA,Western (pre 2022),5746702,Children 6-23 months with 3 IYCF practices,23.5,1,GH,Ghana,2022,GH2022DHS,CN_IYCF_C_3PA,104436150,I,408001,1408010,Region,Western (pre 2022),0,,0,1,CNIYCFC3PA,GHDHS2022408001,2022,DHS,229,268,,,
GHA,Western (post 2022),1182426,Children 6-23 months with 3 IYCF practices,25,1,GH,Ghana,2022,GH2022DHS,CN_IYCF_C_3PA,104436150,I,408012,1408012,Region,..Western (post 2022),0,,0,1,CNIYCFC3PA,GHDHS2022408012,2022,DHS,157,134,,,1
GHA,Western North,7281978,Children 6-23 months with 3 IYCF practices,20.3,1,GH,Ghana,2022,GH2022DHS,CN_IYCF_C_3PA,104436150,I,408013,1408013,Region,..Western North,0,,0,1,CNIYCFC3PA,GHDHS2022408013,2022,DHS,72,134,,,1
GHA,Central,1175656,Children 6-23 months with 3 IYCF practices,27.2,1,GH,Ghana,2022,GH2022DHS,CN_IYCF_C_3PA,104436150,I,408002,1408020,Region,Central,0,,0,1,CNIYCFC3PA,GHDHS2022408002,2022,DHS,268,155,,,1
GHA,Greater Accra,4635122,Children 6-23 months with 3 IYCF practices,30,1,GH,Ghana,2022,GH2022DHS,CN_IYCF_C_3PA,104436150,I,408003,1408030,Region,Greater Accra,0,,0,1,CNIYCFC3PA,GHDHS2022408003,2022,DHS,289,120,,,1
GHA,Volta (pre 2022),3229680,Children 6-23 months with 3 IYCF practices,23.8,1,GH,Ghana,2022,GH2022DHS,CN_IYCF_C_3PA,104436150,I,408004,1408040,Region,Volta (pre 2022),0,,0,1,CNIYCFC3PA,GHDHS2022408004,2022,DHS,190,305,,,
GHA,Volta (post 2022),1182416,Children 6-23 months with 3 IYCF practices,24,1,GH,Ghana,2022,GH2022DHS,CN_IYCF_C_3PA,104436150,I,408014,1408042,Region,..Volta (post 2022),0,,0,1,CNIYCFC3PA,GHDHS2022408014,2022,DHS,107,127,,,1
GHA,Oti,5365372,Children 6-23 months with 3 IYCF practices,23.7,1,GH,Ghana,2022,GH2022DHS,CN_IYCF_C_3PA,104436150,I,408015,1408043,Region,..Oti,0,,0,1,CNIYCFC3PA,GHDHS2022408015,2022,DHS,82,178,,,1
GHA,Eastern,2108338,Children 6-23 months with 3 IYCF practices,24,1,GH,Ghana,2022,GH2022DHS,CN_IYCF_C_3PA,104436150,I,408005,1408050,Region,Eastern,0,,0,1,CNIYCFC3PA,GHDHS2022408005,2022,DHS,175,119,,,1
GHA,Ashanti,5909514,Children 6-23 months with 3 IYCF practices,24.6,1,GH,Ghana,2022,GH2022DHS,CN_IYCF_C_3PA,104436150,I,408006,1408060,Region,Ashanti,0,,0,1,CNIYCFC3PA,GHDHS2022408006,2022,DHS,476,187,,,1
GHA,Brong-Ahafo,6697072,Children 6-23 months with 3 IYCF practices,15.1,1,GH,Ghana,2022,GH2022DHS,CN_IYCF_C_3PA,104436150,I,408007,1408070,Region,Brong-Ahafo,0,,0,1,CNIYCFC3PA,GHDHS2022408007,2022,DHS,276,469,,,
GHA,Ahafo,4655209,Children 6-23 months with 3 IYCF practices,20.8,1,GH,Ghana,2022,GH2022DHS,CN_IYCF_C_3PA,104436150,I,408016,1408072,Region,..Ahafo,0,,0,1,CNIYCFC3PA,GHDHS2022408016,2022,DHS,54,141,,,1
GHA,Bono,7708996,Children 6-23 months with 3 IYCF practices,18.8,1,GH,Ghana,2022,GH2022DHS,CN_IYCF_C_3PA,104436150,I,408017,1408074,Region,..Bono,0,,0,1,CNIYCFC3PA,GHDHS2022408017,2022,DHS,85,126,,,1
GHA,Bono East,3491348,Children 6-23 months with 3 IYCF practices,10.6,1,GH,Ghana,2022,GH2022DHS,CN_IYCF_C_3PA,104436150,I,408018,1408076,Region,..Bono East,0,,0,1,CNIYCFC3PA,GHDHS2022408018,2022,DHS,137,202,,,1
GHA,"Northern, Upper West, Upper East",5121332,Children 6-23 months with 3 IYCF practices,21.4,1,GH,Ghana,2022,GH2022DHS,CN_IYCF_C_3PA,104436150,I,408008,1408080,Region,"Northern, Upper West, Upper East",0,,0,1,CNIYCFC3PA,GHDHS2022408008,2022,DHS,661,1163,,,
GHA,Northern (pre 2022),4018363,Children 6-23 months with 3 IYCF practices,16.8,1,GH,Ghana,2022,GH2022DHS,CN_IYCF_C_3PA,104436150,I,408009,1408090,Region,..Northern (pre 2022),0,,0,1,CNIYCFC3PA,GHDHS2022408009,2022,DHS,449,785,,,
GHA,..Northern(post 2022),7556243,Children 6-23 months with 3 IYCF practices,13.9,1,GH,Ghana,2022,GH2022DHS,CN_IYCF_C_3PA,104436150,I,408019,1408092,Region,....Northern(post 2022),0,,0,1,CNIYCFC3PA,GHDHS2022408019,2022,DHS,302,310,,,1
GHA,..Savannah,5787041,Children 6-23 months with 3 IYCF practices,10.5,1,GH,Ghana,2022,GH2022DHS,CN_IYCF_C_3PA,104436150,I,408020,1408094,Region,....Savannah,0,,0,1,CNIYCFC3PA,GHDHS2022408020,2022,DHS,72,221,,,1
GHA,..Northeast,1175676,Children 6-23 months with 3 IYCF practices,34.5,1,GH,Ghana,2022,GH2022DHS,CN_IYCF_C_3PA,104436150,I,408021,1408096,Region,....Northeast,0,,0,1,CNIYCFC3PA,GHDHS2022408021,2022,DHS,76,254,,,1
GHA,Upper West,7742442,Children 6-23 months with 3 IYCF practices,26.3,1,GH,Ghana,2022,GH2022DHS,CN_IYCF_C_3PA,104436150,I,408010,1408100,Region,..Upper West,0,,0,1,CNIYCFC3PA,GHDHS2022408010,2022,DHS,79,184,,,1
GHA,Upper East,6036842,Children 6-23 months with 3 IYCF practices,33.9,1,GH,Ghana,2022,GH2022DHS,CN_IYCF_C_3PA,104436150,I,408011,1408110,Region,..Upper East,0,,0,1,CNIYCFC3PA,GHDHS2022408011,2022,DHS,133,194,,,1
